id	source	capability	reference_derived_from_direct	coverage_tier	scope_reason	nvrtc-o3_classification	nvrtc-o3_elapsed_ms	nvrtc-o3_shape	nvrtc-o3_cluster	nvrtc-o3_producer	nvrtc-o3_diagnostic	nvvm-o0_classification	nvvm-o0_elapsed_ms	nvvm-o0_shape	nvvm-o0_cluster	nvvm-o0_producer	nvvm-o0_diagnostic	nvvm-o3_classification	nvvm-o3_elapsed_ms	nvvm-o3_shape	nvvm-o3_cluster	nvvm-o3_producer	nvvm-o3_diagnostic	evidence_status
bugs/empty-switch.slang#cuda-1	bugs/empty-switch.slang	cuda_sm_7_0	False	mvp		correct	6637					correct	6993					correct	6442					complete
bugs/frexp-double.slang#cuda-1	bugs/frexp-double.slang	cuda_sm_7_0	False	mvp		correct	6098					correct	6332					correct	7279					complete
bugs/frexp.slang#cuda-1	bugs/frexp.slang	cuda_sm_7_0	False	mvp		correct	6697					correct	6587					correct	7116					complete
bugs/gh-11627-flag-enum-compound-assign.slang#cuda-1	bugs/gh-11627-flag-enum-compound-assign.slang	cuda_sm_7_0	False	mvp		correct	6921					correct	7186					correct	7006					complete
bugs/gh-3637.slang#cuda-1	bugs/gh-3637.slang	cuda_sm_7_0	False	mvp		correct	6864					correct	6752					correct	6721					complete
bugs/gh-3980.slang#cuda-1	bugs/gh-3980.slang	cuda_sm_7_0	False	mvp		correct	6926					correct	7164					correct	7314					complete
bugs/gh-4533.slang#cuda-1	bugs/gh-4533.slang	cuda_sm_7_0	False	mvp		correct	7302					correct	7133					correct	7262					complete
bugs/gh-5776.slang#cuda-1	bugs/gh-5776.slang	cuda_sm_7_0	False	mvp		correct	6375					correct	7124					correct	7192					complete
bugs/gh-7441.slang#cuda-1	bugs/gh-7441.slang	cuda_sm_7_0	False	mvp		correct	5592					correct	5792					correct	5872					complete
bugs/gh-8121.slang#cuda-1	bugs/gh-8121.slang	cuda_sm_7_0	False	mvp		correct	5659					correct	5773					correct	5925					complete
bugs/gh-8185.slang#cuda-1	bugs/gh-8185.slang	cuda_sm_7_0	False	mvp		correct	5819					correct	5976					correct	6282					complete
bugs/legalize-defuse-no-zero-init-non-var-primitive.slang#cuda-1	bugs/legalize-defuse-no-zero-init-non-var-primitive.slang	cuda_sm_7_0	False	mvp		correct	5933					correct	6023					correct	6256					complete
bugs/legalize-defuse-no-zero-init-non-var.slang#cuda-1	bugs/legalize-defuse-no-zero-init-non-var.slang	cuda_sm_7_0	False	mvp		correct	6038					correct	6318					correct	6385					complete
bugs/legalize-defuse-no-zero-init.slang#cuda-1	bugs/legalize-defuse-no-zero-init.slang	cuda_sm_7_0	False	mvp		correct	6226					correct	6143					correct	6358					complete
bugs/loop-optimize.slang#cuda-1	bugs/loop-optimize.slang	cuda_sm_7_0	False	mvp		correct	6281					correct	6352					correct	6582					complete
bugs/matrix-reshape.slang#cuda-1	bugs/matrix-reshape.slang	cuda_sm_7_0	False	mvp		correct	5977					correct	6345					correct	6515					complete
bugs/metal-return-value-lost.slang#cuda-1	bugs/metal-return-value-lost.slang	cuda_sm_7_0	False	mvp		correct	5592					correct	5517					correct	5487					complete
bugs/overload-ambiguous-1.slang#cuda-1	bugs/overload-ambiguous-1.slang	cuda_sm_7_0	False	mvp		correct	5686					correct	5527					correct	5633					complete
bugs/overload-ambiguous-2.slang#cuda-1	bugs/overload-ambiguous-2.slang	cuda_sm_7_0	False	mvp		correct	5865					correct	5721					correct	5705					complete
bugs/overload-ambiguous.slang#cuda-1	bugs/overload-ambiguous.slang	cuda_sm_7_0	False	mvp		correct	5810					correct	5659					correct	5902					complete
bugs/string-inline.slang#cuda-1	bugs/string-inline.slang	cuda_sm_7_0	False	mvp		correct	5798					correct	5749					correct	5917					complete
compute/array-existential-parameter.slang#cuda-1	compute/array-existential-parameter.slang	cuda_sm_7_0	False	mvp		correct	6035					correct	5927					correct	6165					complete
compute/array-param.slang#cuda-1	compute/array-param.slang	cuda_sm_7_0	False	mvp		correct	6037					correct	5984					correct	6054					complete
compute/assoctype-nested-lookup.slang#cuda-1	compute/assoctype-nested-lookup.slang	cuda_sm_7_0	False	mvp		correct	5982					correct	5942					correct	6014					complete
compute/atomics-groupshared.slang#cuda-1	compute/atomics-groupshared.slang	cuda_sm_7_0	False	mvp		correct	5438					correct	5597					correct	5575					complete
compute/atomics.slang#cuda-1	compute/atomics.slang	cuda_sm_7_0	False	mvp		correct	5675					correct	5573					correct	5457					complete
compute/bitcast-64bit.slang#cuda-1	compute/bitcast-64bit.slang	cuda_sm_7_0	False	mvp		correct	5703					correct	5488					correct	5522					complete
compute/bound-check-zero-index.slang#cuda-1	compute/bound-check-zero-index.slang	cuda_sm_7_0	False	mvp		correct	5804					runtime-mismatch	5723		runtime-bounds-zero-index	compiled PTX executed by the CUDA compare-compute harness	slang-test expected/actual runtime result mismatch	runtime-mismatch	6841		runtime-bounds-zero-index	compiled PTX executed by the CUDA compare-compute harness	slang-test expected/actual runtime result mismatch	complete
compute/buffer-layout.slang#cuda-1	compute/buffer-layout.slang	cuda_sm_7_0	False	mvp		correct	5843					correct	5874					correct	5754					complete
compute/byte-address-buffer-64bit.slang#cuda-1	compute/byte-address-buffer-64bit.slang	cuda_sm_7_0	True	mvp		correct	5685					correct	5763					correct	5848					complete
compute/byte-address-buffer-aligned.slang#cuda-1	compute/byte-address-buffer-aligned.slang	cuda_sm_7_0	False	mvp		correct	6006					correct	5981					correct	6175					complete
compute/byte-address-buffer-array.slang#cuda-1	compute/byte-address-buffer-array.slang	cuda_sm_7_0	False	mvp		correct	6033					correct	6020					correct	6159					complete
compute/byte-address-buffer-atomic-mixed-width-12265.slang#cuda-1	compute/byte-address-buffer-atomic-mixed-width-12265.slang	cuda_sm_7_0	False	mvp		infrastructure	5601		infrastructure-native-reference	NVRTC/toolkit or generated reference contract	warning[E41012]: profile implicitly upgraded	runtime-mismatch	5641		runtime-sm90-mixed-width-atomic	compiled PTX executed by the CUDA compare-compute harness	warning[E41012]: profile implicitly upgraded	runtime-mismatch	5884		runtime-sm90-mixed-width-atomic	compiled PTX executed by the CUDA compare-compute harness	warning[E41012]: profile implicitly upgraded	complete
compute/byte-address-buffer-atomic-via-helper-12265.slang#cuda-1	compute/byte-address-buffer-atomic-via-helper-12265.slang	cuda_sm_7_0	False	mvp		correct	5558					correct	5729					correct	5741					complete
compute/byte-address-buffer-singlearg-float3-11592.slang#cuda-1	compute/byte-address-buffer-singlearg-float3-11592.slang	cuda_sm_7_0	True	mvp		correct	5569					correct	5590					correct	5491					complete
compute/byte-address-buffer.slang#cuda-1	compute/byte-address-buffer.slang	cuda_sm_7_0	True	mvp		correct	5650					correct	5666					correct	5624					complete
compute/byte-address-buffer.slang#cuda-2	compute/byte-address-buffer.slang	cuda_sm_7_0	True	mvp		correct	5692					correct	5648					correct	5819					complete
compute/column-major.slang#cuda-1	compute/column-major.slang	cuda_sm_7_0	False	mvp		correct	5815					correct	5748					correct	6312					complete
compute/constant-buffer-memory-packing.slang#cuda-1	compute/constant-buffer-memory-packing.slang	cuda_sm_7_0	False	mvp		correct	5824					correct	6016					correct	6361					complete
compute/dot1-generic.slang#cuda-1	compute/dot1-generic.slang	cuda_sm_7_0	False	mvp		correct	5827					correct	5898					correct	6336					complete
compute/dot1.slang#cuda-1	compute/dot1.slang	cuda_sm_7_0	False	mvp		correct	5793					correct	5626					correct	5993					complete
compute/dynamic-dispatch-1.slang#cuda-1	compute/dynamic-dispatch-1.slang	cuda_sm_7_0	False	mvp		correct	5559					correct	5665					correct	5912					complete
compute/dynamic-dispatch-10.slang#cuda-1	compute/dynamic-dispatch-10.slang	cuda_sm_7_0	False	mvp		correct	5561					correct	5620					correct	5791					complete
compute/dynamic-dispatch-13.slang#cuda-1	compute/dynamic-dispatch-13.slang	cuda_sm_7_0	False	mvp		correct	5609					correct	5521					correct	6266					complete
compute/dynamic-dispatch-15.slang#cuda-1	compute/dynamic-dispatch-15.slang	cuda_sm_7_0	False	mvp		correct	5763					correct	5602					correct	5577					complete
compute/dynamic-dispatch-16.slang#cuda-1	compute/dynamic-dispatch-16.slang	cuda_sm_7_0	False	mvp		correct	5760					correct	5636					correct	6056					complete
compute/dynamic-dispatch-17.slang#cuda-1	compute/dynamic-dispatch-17.slang	cuda_sm_7_0	False	mvp		correct	5877					correct	5685					correct	6065					complete
compute/dynamic-dispatch-18.slang#cuda-1	compute/dynamic-dispatch-18.slang	cuda_sm_7_0	False	mvp		correct	5935					correct	5710					correct	6015					complete
compute/dynamic-dispatch-19.slang#cuda-1	compute/dynamic-dispatch-19.slang	cuda_sm_7_0	False	mvp		correct	5780					correct	5622					correct	5823					complete
compute/dynamic-dispatch-2.slang#cuda-1	compute/dynamic-dispatch-2.slang	cuda_sm_7_0	False	mvp		correct	5831					correct	5711					correct	6040					complete
compute/dynamic-dispatch-3.slang#cuda-1	compute/dynamic-dispatch-3.slang	cuda_sm_7_0	False	mvp		correct	5697					correct	5693					correct	5823					complete
compute/dynamic-dispatch-4.slang#cuda-1	compute/dynamic-dispatch-4.slang	cuda_sm_7_0	False	mvp		correct	5620					correct	5558					correct	5668					complete
compute/dynamic-dispatch-5.slang#cuda-1	compute/dynamic-dispatch-5.slang	cuda_sm_7_0	False	mvp		correct	5645					correct	5524					correct	5615					complete
compute/dynamic-dispatch-6.slang#cuda-1	compute/dynamic-dispatch-6.slang	cuda_sm_7_0	False	mvp		correct	5689					correct	5543					correct	6144					complete
compute/dynamic-dispatch-7.slang#cuda-1	compute/dynamic-dispatch-7.slang	cuda_sm_7_0	False	mvp		correct	5874					correct	5574					correct	6002					complete
compute/dynamic-dispatch-8.slang#cuda-1	compute/dynamic-dispatch-8.slang	cuda_sm_7_0	False	mvp		correct	5842					correct	5785					correct	6102					complete
compute/dynamic-dispatch-9.slang#cuda-1	compute/dynamic-dispatch-9.slang	cuda_sm_7_0	False	mvp		correct	5799					correct	5648					correct	5554					complete
compute/dynamic-dispatch-bindless-texture.slang#cuda-1	compute/dynamic-dispatch-bindless-texture.slang	cuda_sm_7_0	False	mvp		correct	5857					correct	5663					correct	5819					complete
compute/dynamic-dispatch-substandard-float.slang#cuda-1	compute/dynamic-dispatch-substandard-float.slang	cuda_sm_7_0	False	mvp		correct	5883					preflight	5464	helper function result type	helper-abi-type-contract	post-specialization linked IRFunc signature -> _validateNVVMHelperTarget	direct NVVM lowering does not support Slang IR instruction or shape 'helper function result type: A'	preflight	5789	helper function result type	helper-abi-type-contract	post-specialization linked IRFunc signature -> _validateNVVMHelperTarget	direct NVVM lowering does not support Slang IR instruction or shape 'helper function result type: A'	complete
compute/dynamic-generics-simple.slang#cuda-1	compute/dynamic-generics-simple.slang	cuda_sm_7_0	False	mvp		correct	5663					correct	5704					correct	5631					complete
compute/entry-point-uniform-params.slang#cuda-1	compute/entry-point-uniform-params.slang	cuda_sm_7_0	False	mvp		correct	5653					correct	5604					correct	5705					complete
compute/func-param-legalize.slang#cuda-1	compute/func-param-legalize.slang	cuda_sm_7_0	False	mvp		correct	5593					correct	5617					correct	5902					complete
compute/func-resource-param.slang#cuda-1	compute/func-resource-param.slang	cuda_sm_7_0	True	mvp		correct	5812					correct	5548					correct	5989					complete
compute/groupshared.slang#cuda-1	compute/groupshared.slang	cuda_sm_7_0	False	mvp		correct	5799					correct	5747					correct	6029					complete
compute/half-calc.slang#cuda-1	compute/half-calc.slang	cuda_sm_7_0	False	mvp		correct	5794					correct	5807					correct	5572					complete
compute/half-opaque-convert.slang#cuda-1	compute/half-opaque-convert.slang	cuda_sm_7_0	False	mvp		correct	5861					correct	5682					correct	5751					complete
compute/half-rw-texture-convert.slang#cuda-1	compute/half-rw-texture-convert.slang	cuda_sm_7_0	False	mvp		correct	5780					correct	5834					correct	5878					complete
compute/half-rw-texture-convert2.slang#cuda-1	compute/half-rw-texture-convert2.slang	cuda_sm_7_0	False	mvp		correct	5897					correct	5713					correct	5725					complete
compute/half-rw-texture-simple.slang#cuda-1	compute/half-rw-texture-simple.slang	cuda_sm_7_0	False	mvp		correct	5772					correct	5673					correct	5726					complete
compute/half-structured-buffer.slang#cuda-1	compute/half-structured-buffer.slang	cuda_sm_7_0	False	mvp		correct	5669					correct	5573					correct	5819					complete
compute/half-texture-simple.slang#cuda-1	compute/half-texture-simple.slang	cuda_sm_7_0	False	mvp		correct	5808					correct	5769					correct	5972					complete
compute/half-vector-calc.slang#cuda-1	compute/half-vector-calc.slang	cuda_sm_7_0	False	mvp		infrastructure	5747		infrastructure-native-reference	NVRTC/toolkit or generated reference contract	"error : class ""__half4"" has no member ""xyz"""	correct	5881					correct	5989					complete
compute/half-vector-compare.slang#cuda-1	compute/half-vector-compare.slang	cuda_sm_7_0	False	mvp		correct	5850					correct	5766					correct	5477					complete
compute/ieee754-mixed-type-nan-comparisons.slang#cuda-1	compute/ieee754-mixed-type-nan-comparisons.slang	cuda_sm_7_0	False	mvp		correct	5826					correct	5703					correct	5573					complete
compute/int-generic.slang#cuda-1	compute/int-generic.slang	cuda_sm_7_0	False	mvp		correct	5720					correct	5793					correct	5721					complete
compute/interface-assoc-type-param.slang#cuda-1	compute/interface-assoc-type-param.slang	cuda_sm_7_0	False	mvp		correct	5774					correct	5660					correct	5881					complete
compute/interface-func-param-in-struct.slang#cuda-1	compute/interface-func-param-in-struct.slang	cuda_sm_7_0	False	mvp		correct	5721					correct	5557					correct	5866					complete
compute/kernel-context-threading.slang#cuda-1	compute/kernel-context-threading.slang	cuda_sm_7_0	False	mvp		correct	5611					correct	5589					correct	5764					complete
compute/kernel-context-threading.slang#cuda-2	compute/kernel-context-threading.slang	cuda_sm_7_0	False	mvp		correct	5938					correct	5410					correct	6399					complete
compute/logic-no-short-circuit-evaluation.slang#cuda-1	compute/logic-no-short-circuit-evaluation.slang	cuda_sm_7_0	False	mvp		correct	5864					correct	5598					correct	5807					complete
compute/logic-short-circuit-evaluation.slang#cuda-1	compute/logic-short-circuit-evaluation.slang	cuda_sm_7_0	False	mvp		correct	5581					correct	5603					correct	5641					complete
compute/loop-unroll.slang#cuda-1	compute/loop-unroll.slang	cuda_sm_7_0	False	mvp		correct	5738					correct	5658					correct	5657					complete
compute/matrix-layout-structured-buffer.slang#cuda-1	compute/matrix-layout-structured-buffer.slang	cuda_sm_7_0	False	mvp		correct	5729					correct	5696					correct	5777					complete
compute/mutating-and-inout.slang#cuda-1	compute/mutating-and-inout.slang	cuda_sm_7_0	False	mvp		correct	5860					correct	5619					correct	5821					complete
compute/nested-assoc-types.slang#cuda-1	compute/nested-assoc-types.slang	cuda_sm_7_0	False	mvp		correct	5729					correct	5670					correct	5918					complete
compute/non-square-row-major.slang#cuda-1	compute/non-square-row-major.slang	cuda_sm_7_0	False	mvp		correct	5688					correct	5573					correct	5857					complete
compute/pack-any-value-16bit.slang#cuda-1	compute/pack-any-value-16bit.slang	cuda_sm_7_0	False	mvp		correct	5674					correct	5560					correct	5981					complete
compute/pack-any-value-8bit.slang#cuda-1	compute/pack-any-value-8bit.slang	cuda_sm_7_0	False	mvp		correct	5717					correct	5715					correct	5985					complete
compute/parameter-block.slang#cuda-1	compute/parameter-block.slang	cuda_sm_7_0	False	mvp		correct	5621					correct	5598					correct	6594					complete
compute/reinterpret-structured-buffer.slang#cuda-1	compute/reinterpret-structured-buffer.slang	cuda_sm_7_0	False	mvp		correct	5782					preflight	5661	bitCast type: RWStructuredBuffer<half> -> vector<uint,4>	preflight-other	canonical linked IR -> _validateNVVMFunction	direct NVVM lowering does not support Slang IR instruction or shape 'bitCast type: RWStructuredBuffer<half> -> vector<uint,4>'	preflight	5670	bitCast type: RWStructuredBuffer<half> -> vector<uint,4>	preflight-other	canonical linked IR -> _validateNVVMFunction	direct NVVM lowering does not support Slang IR instruction or shape 'bitCast type: RWStructuredBuffer<half> -> vector<uint,4>'	complete
compute/row-major.slang#cuda-1	compute/row-major.slang	cuda_sm_7_0	True	mvp		correct	5877					correct	5697					correct	5754					complete
compute/rw-texture-simple.slang#cuda-1	compute/rw-texture-simple.slang	cuda_sm_7_0	False	mvp		correct	5887					correct	5748					correct	5939					complete
compute/simple-interface-parameter.slang#cuda-1	compute/simple-interface-parameter.slang	cuda_sm_7_0	False	mvp		correct	5750					correct	5641					correct	5915					complete
compute/simple.slang#cuda-1	compute/simple.slang	cuda_sm_7_0	False	mvp		correct	5651					correct	5664					correct	5762					complete
compute/struct-default-init.slang#cuda-1	compute/struct-default-init.slang	cuda_sm_7_0	False	mvp		correct	5775					correct	5539					correct	5871					complete
compute/struct-in-generic.slang#cuda-1	compute/struct-in-generic.slang	cuda_sm_7_0	False	mvp		correct	5788					correct	5477					correct	5865					complete
compute/structured-buffer-load.slang#cuda-1	compute/structured-buffer-load.slang	cuda_sm_7_0	True	mvp		correct	5662					correct	5535					correct	5824					complete
compute/structured-buffer-of-matrices.slang#cuda-1	compute/structured-buffer-of-matrices.slang	cuda_sm_7_0	True	mvp		correct	5814					correct	5594					correct	6520					complete
compute/structured-buffer-of-struct.slang#cuda-1	compute/structured-buffer-of-struct.slang	cuda_sm_7_0	False	mvp		correct	5878					correct	5619					correct	5683					complete
compute/structured-buffer-swizzle-store.slang#cuda-1	compute/structured-buffer-swizzle-store.slang	cuda_sm_7_0	False	mvp		correct	5768					correct	5590					correct	5734					complete
compute/switch-stmt.slang#cuda-1	compute/switch-stmt.slang	cuda_sm_7_0	False	mvp		correct	6005					correct	5622					correct	5749					complete
compute/texture-get-dimensions-cuda.slang#cuda-1	compute/texture-get-dimensions-cuda.slang	cuda_sm_7_0	False	mvp		correct	5862					correct	5634					correct	5729					complete
compute/texture-simple.slang#cuda-1	compute/texture-simple.slang	cuda_sm_7_0	False	mvp		correct	5651					correct	5594					correct	5898					complete
compute/texture-simpler.slang#cuda-1	compute/texture-simpler.slang	cuda_sm_7_0	False	mvp		correct	5731					correct	5589					correct	5786					complete
compute/texture-subscript-cuda.slang#cuda-1	compute/texture-subscript-cuda.slang	cuda_sm_7_0	False	mvp		correct	5699					correct	5622					correct	5739					complete
compute/texture-subscript-uint-cuda.slang#cuda-1	compute/texture-subscript-uint-cuda.slang	cuda_sm_7_0	False	mvp		correct	5695					correct	5735					correct	5693					complete
compute/texture-subscript.slang#cuda-1	compute/texture-subscript.slang	cuda_sm_7_0	True	mvp		infrastructure	5647		infrastructure-native-reference	NVRTC/toolkit or generated reference contract	BUF: expected string not found in input	correct	5681					correct	5681					complete
compute/transcendental-double.slang#cuda-1	compute/transcendental-double.slang	cuda_sm_7_0	False	mvp		correct	5760					correct	5805					correct	5666					complete
compute/transcendental.slang#cuda-1	compute/transcendental.slang	cuda_sm_7_0	False	mvp		correct	5867					correct	5786					correct	5759					complete
compute/transitive-interface.slang#cuda-1	compute/transitive-interface.slang	cuda_sm_7_0	False	mvp		correct	5835					correct	5773					correct	5674					complete
compute/typedef-member.slang#cuda-1	compute/typedef-member.slang	cuda_sm_7_0	False	mvp		correct	5548					correct	5672					correct	5758					complete
compute/vector-scalar-compare.slang#cuda-1	compute/vector-scalar-compare.slang	cuda_sm_7_0	False	mvp		correct	5695					correct	5614					correct	5782					complete
compute/write-structured-buffer-field.slang#cuda-1	compute/write-structured-buffer-field.slang	cuda_sm_7_0	False	mvp		correct	5516					correct	5642					correct	5722					complete
cross-compile/simple-cross-compile.slang#cuda-1	cross-compile/simple-cross-compile.slang	cuda_sm_7_0	False	mvp		correct	5803					correct	5787					correct	5977					complete
cuda/compile-to-cuda.slang#cuda-1	cuda/compile-to-cuda.slang	cuda_sm_7_0	False	mvp		correct	5687					correct	5801					correct	5767					complete
cuda/copy-elision-this-2.slang#cuda-1	cuda/copy-elision-this-2.slang	cuda_sm_7_0	False	mvp		correct	5786					correct	5709					correct	5781					complete
cuda/cuda-array-layout.slang#cuda-1	cuda/cuda-array-layout.slang	cuda_sm_7_0	False	mvp		correct	5952					correct	5767					correct	5763					complete
cuda/cuda-kernel-param-layout.slang#cuda-1	cuda/cuda-kernel-param-layout.slang	cuda_sm_7_0	False	mvp		correct	5910					correct	5748					correct	5719					complete
cuda/cuda-layout.slang#cuda-1	cuda/cuda-layout.slang	cuda_sm_7_0	False	mvp		correct	5697					correct	5702					correct	5861					complete
cuda/cuda-texture.slang#cuda-1	cuda/cuda-texture.slang	cuda_sm_7_0	False	mvp		correct	5705					preflight	5573	GenericAsm	generic-asm-texture	StmtLoweringVisitor::visitIntrinsicAsmStmt -> IRGenericAsm; _validateNVVMFunction semantic resolution	direct NVVM lowering does not support Slang IR instruction or shape 'GenericAsm assembly=tex2D<$T0>($0, ($2).x, ($2).y), signature=float(Texture2D, SamplerState, vector<float,2>)'	preflight	5677	GenericAsm	generic-asm-texture	StmtLoweringVisitor::visitIntrinsicAsmStmt -> IRGenericAsm; _validateNVVMFunction semantic resolution	direct NVVM lowering does not support Slang IR instruction or shape 'GenericAsm assembly=tex2D<$T0>($0, ($2).x, ($2).y), signature=float(Texture2D, SamplerState, vector<float,2>)'	complete
cuda/cuda-vector-binary-ops.slang#cuda-1	cuda/cuda-vector-binary-ops.slang	cuda_sm_7_0	False	mvp		correct	5635					correct	5535					correct	5702					complete
cuda/get-buffer-ptr.slang#cuda-1	cuda/get-buffer-ptr.slang	cuda_sm_7_0	False	mvp		correct	5539					correct	5533					correct	5617					complete
cuda/make-matrix.slang#cuda-1	cuda/make-matrix.slang	cuda_sm_7_0	False	mvp		correct	5561					correct	5553					correct	6929					complete
cuda/nvvm-conventional-global-multi-resource.slang#cuda-1	cuda/nvvm-conventional-global-multi-resource.slang	cuda_sm_7_0	False	mvp		correct	5641					correct	5507					correct	5875					complete
cuda/nvvm-float-matrix-values.slang#cuda-1	cuda/nvvm-float-matrix-values.slang	cuda_sm_7_0	True	mvp		correct	5922					correct	5681					correct	5782					complete
cuda/nvvm-half-values.slang#cuda-1	cuda/nvvm-half-values.slang	cuda_sm_7_0	True	mvp		correct	6079					correct	5609					correct	5531					complete
cuda/nvvm-helper-copyable-values.slang#cuda-1	cuda/nvvm-helper-copyable-values.slang	cuda_sm_7_0	False	mvp		correct	5773					correct	5690					correct	5776					complete
cuda/nvvm-thread-local-global-context.slang#cuda-1	cuda/nvvm-thread-local-global-context.slang	cuda_sm_7_0	True	mvp		correct	5675					correct	5612					correct	5829					complete
cuda/nvvm-typed-select.slang#cuda-1	cuda/nvvm-typed-select.slang	cuda_sm_7_0	True	mvp		correct	5684					correct	5609					correct	5643					complete
cuda/param-block-alignment.slang#cuda-1	cuda/param-block-alignment.slang	cuda_sm_7_0	False	mvp		correct	5574					correct	5539					correct	5517					complete
cuda/require-prelude.slang#cuda-1	cuda/require-prelude.slang	cuda_sm_7_0	False	mvp		correct	5555					preflight	5574	RequirePrelude	residual-target-marker-or-undefined-value	named upstream IR producer -> _validateNVVMFunction default rejection	direct NVVM lowering does not support Slang IR instruction or shape 'RequirePrelude'	preflight	5884	RequirePrelude	residual-target-marker-or-undefined-value	named upstream IR producer -> _validateNVVMFunction default rejection	direct NVVM lowering does not support Slang IR instruction or shape 'RequirePrelude'	complete
cuda/vector-dot-signed-zero.slang#cuda-1	cuda/vector-dot-signed-zero.slang	cuda_sm_7_0	False	mvp		correct	5646					correct	5718					correct	6074					complete
cuda/wave-lane-index-multidim-3d.slang#cuda-1	cuda/wave-lane-index-multidim-3d.slang	cuda_sm_7_0	False	mvp		correct	5617					correct	5728					correct	5976					complete
front-end/float-literal-values-rounding-dec-compute.slang#cuda-1	front-end/float-literal-values-rounding-dec-compute.slang	cuda_sm_7_0	False	mvp		correct	5751					correct	5685					correct	5620					complete
glsl-intrinsic/array-length.slang#cuda-1	glsl-intrinsic/array-length.slang	cuda_sm_7_0	False	mvp		correct	6747					correct	5703					correct	5810					complete
glsl-intrinsic/unpack-float.slang#cuda-1	glsl-intrinsic/unpack-float.slang	cuda_sm_7_0	False	mvp		correct	5757					correct	5694					correct	5871					complete
hlsl-intrinsic/active-mask/for-break.slang#cuda-1	hlsl-intrinsic/active-mask/for-break.slang	cuda_sm_7_0	False	mvp		correct	5577					correct	5599					correct	5789					complete
hlsl-intrinsic/active-mask/for-continue-ext.slang#cuda-1	hlsl-intrinsic/active-mask/for-continue-ext.slang	cuda_sm_7_0	False	mvp		correct	5709					correct	5580					correct	5807					complete
hlsl-intrinsic/active-mask/for-continue.slang#cuda-1	hlsl-intrinsic/active-mask/for-continue.slang	cuda_sm_7_0	False	mvp		correct	5605					correct	5596					correct	5909					complete
hlsl-intrinsic/active-mask/for.slang#cuda-1	hlsl-intrinsic/active-mask/for.slang	cuda_sm_7_0	False	mvp		correct	5571					correct	5713					correct	5871					complete
hlsl-intrinsic/active-mask/if-conditional-exit.slang#cuda-1	hlsl-intrinsic/active-mask/if-conditional-exit.slang	cuda_sm_7_0	False	mvp		correct	5552					correct	5693					correct	5990					complete
hlsl-intrinsic/active-mask/if-early-exit.slang#cuda-1	hlsl-intrinsic/active-mask/if-early-exit.slang	cuda_sm_7_0	False	mvp		correct	5578					correct	5727					correct	5742					complete
hlsl-intrinsic/active-mask/if-one-sided.slang#cuda-1	hlsl-intrinsic/active-mask/if-one-sided.slang	cuda_sm_7_0	False	mvp		correct	5695					correct	5681					correct	5715					complete
hlsl-intrinsic/active-mask/if.slang#cuda-1	hlsl-intrinsic/active-mask/if.slang	cuda_sm_7_0	False	mvp		correct	5818					correct	5586					correct	5858					complete
hlsl-intrinsic/active-mask/switch-no-default.slang#cuda-1	hlsl-intrinsic/active-mask/switch-no-default.slang	cuda_sm_7_0	False	mvp		correct	5672					correct	5650					correct	5800					complete
hlsl-intrinsic/active-mask/switch.slang#cuda-1	hlsl-intrinsic/active-mask/switch.slang	cuda_sm_7_0	False	mvp		correct	5811					correct	5617					correct	5716					complete
hlsl-intrinsic/asfloat16.slang#cuda-1	hlsl-intrinsic/asfloat16.slang	cuda_sm_7_0	False	mvp		correct	5877					correct	5635					correct	5778					complete
hlsl-intrinsic/atomic/atomic-intrinsics-64bit.slang#cuda-1	hlsl-intrinsic/atomic/atomic-intrinsics-64bit.slang	cuda_sm_7_0	False	mvp		correct	6096					correct	5761					correct	6053					complete
hlsl-intrinsic/atomic/atomic-intrinsics.slang#cuda-1	hlsl-intrinsic/atomic/atomic-intrinsics.slang	cuda_sm_7_0	False	mvp		correct	5849					correct	5883					correct	6093					complete
hlsl-intrinsic/atomic/atomic-reduce-float.slang#cuda-1	hlsl-intrinsic/atomic/atomic-reduce-float.slang	cuda_sm_7_0	False	mvp		correct	5798					correct	5783					correct	5792					complete
hlsl-intrinsic/atomic/atomic-reduce-half-cuda.slang#cuda-1	hlsl-intrinsic/atomic/atomic-reduce-half-cuda.slang	cuda_sm_7_0	False	mvp		correct	5750					preflight	5664	GenericAsm	generic-asm-atomic	StmtLoweringVisitor::visitIntrinsicAsmStmt -> IRGenericAsm; _validateNVVMFunction semantic resolution	direct NVVM lowering does not support Slang IR instruction or shape 'GenericAsm assembly=__slang_atomic_reduce_add($0, $1, (int)$2), signature=Void(RefParam<vector<half,2>, addressSpace=2147483647, access=0, operands=4, layout=DefaultLayout>, vector<half,2>, int)'	preflight	5452	GenericAsm	generic-asm-atomic	StmtLoweringVisitor::visitIntrinsicAsmStmt -> IRGenericAsm; _validateNVVMFunction semantic resolution	direct NVVM lowering does not support Slang IR instruction or shape 'GenericAsm assembly=__slang_atomic_reduce_add($0, $1, (int)$2), signature=Void(RefParam<vector<half,2>, addressSpace=2147483647, access=0, operands=4, layout=DefaultLayout>, vector<half,2>, int)'	complete
hlsl-intrinsic/atomic/atomic-reduce-intrinsics.slang#cuda-1	hlsl-intrinsic/atomic/atomic-reduce-intrinsics.slang	cuda_sm_7_0	False	mvp		correct	5817					correct	5661					correct	5714					complete
hlsl-intrinsic/atomic/atomic-reduce-methods-float.slang#cuda-1	hlsl-intrinsic/atomic/atomic-reduce-methods-float.slang	cuda_sm_7_0	False	mvp		correct	5694					correct	5776					correct	5847					complete
hlsl-intrinsic/atomic/atomic-reduce-methods.slang#cuda-1	hlsl-intrinsic/atomic/atomic-reduce-methods.slang	cuda_sm_7_0	False	mvp		correct	5628					correct	5703					correct	5822					complete
hlsl-intrinsic/bit-cast-double.slang#cuda-1	hlsl-intrinsic/bit-cast-double.slang	cuda_sm_7_0	False	mvp		correct	5640					correct	5642					correct	5705					complete
hlsl-intrinsic/bit-cast.slang#cuda-1	hlsl-intrinsic/bit-cast.slang	cuda_sm_7_0	False	mvp		correct	5644					correct	5604					correct	5922					complete
hlsl-intrinsic/bit-cast/bit-cast-16-bit.slang#cuda-1	hlsl-intrinsic/bit-cast/bit-cast-16-bit.slang	cuda_sm_7_0	False	mvp		correct	5821					correct	5897					correct	5922					complete
hlsl-intrinsic/byte-address-buffer-atomics.slang#cuda-1	hlsl-intrinsic/byte-address-buffer-atomics.slang	cuda_sm_7_0	False	mvp		correct	5685					correct	5961					correct	5859					complete
hlsl-intrinsic/byte-address-buffer/byte-address-16bit-vector.slang#cuda-1	hlsl-intrinsic/byte-address-buffer/byte-address-16bit-vector.slang	cuda_sm_7_0	False	mvp		correct	5574					correct	5824					correct	5615					complete
hlsl-intrinsic/byte-address-buffer/byte-address-16bit.slang#cuda-1	hlsl-intrinsic/byte-address-buffer/byte-address-16bit.slang	cuda_sm_7_0	False	mvp		correct	5595					correct	5778					correct	5709					complete
hlsl-intrinsic/byte-address-buffer/byte-address-half-atomics.slang#cuda-1	hlsl-intrinsic/byte-address-buffer/byte-address-half-atomics.slang	cuda_sm_7_0	False	mvp		correct	5660					correct	5913					correct	5906					complete
hlsl-intrinsic/byte-address-buffer/byte-address-struct.slang#cuda-1	hlsl-intrinsic/byte-address-buffer/byte-address-struct.slang	cuda_sm_7_0	False	mvp		correct	5678					correct	5860					correct	5841					complete
hlsl-intrinsic/classify-double.slang#cuda-1	hlsl-intrinsic/classify-double.slang	cuda_sm_7_0	False	mvp		correct	5676					correct	5811					correct	5719					complete
hlsl-intrinsic/classify-float.slang#cuda-1	hlsl-intrinsic/classify-float.slang	cuda_sm_7_0	False	mvp		correct	5591					correct	5629					correct	5883					complete
hlsl-intrinsic/countbits.slang#cuda-1	hlsl-intrinsic/countbits.slang	cuda_sm_7_0	False	mvp		correct	5671					correct	5743					correct	5853					complete
hlsl-intrinsic/countbits16.slang#cuda-1	hlsl-intrinsic/countbits16.slang	cuda_sm_7_0	False	mvp		correct	5744					correct	5949					correct	5890					complete
hlsl-intrinsic/countbits64.slang#cuda-1	hlsl-intrinsic/countbits64.slang	cuda_sm_7_0	False	mvp		correct	5631					correct	5925					correct	5589					complete
hlsl-intrinsic/countbits8.slang#cuda-1	hlsl-intrinsic/countbits8.slang	cuda_sm_7_0	False	mvp		correct	5658					correct	5899					correct	5612					complete
hlsl-intrinsic/dot-accumulate.slang#cuda-1	hlsl-intrinsic/dot-accumulate.slang	cuda_sm_7_0	False	mvp		correct	5686					correct	5829					correct	5870					complete
hlsl-intrinsic/f16tof32.slang#cuda-1	hlsl-intrinsic/f16tof32.slang	cuda_sm_7_0	False	mvp		correct	5706					correct	5695					correct	5866					complete
hlsl-intrinsic/f32tof16.slang#cuda-1	hlsl-intrinsic/f32tof16.slang	cuda_sm_7_0	False	mvp		correct	5667					correct	5647					correct	5585					complete
hlsl-intrinsic/firstbithigh.slang#cuda-1	hlsl-intrinsic/firstbithigh.slang	cuda_sm_7_0	False	mvp		correct	5657					correct	5610					correct	5927					complete
hlsl-intrinsic/firstbithigh64.slang#cuda-1	hlsl-intrinsic/firstbithigh64.slang	cuda_sm_7_0	False	mvp		correct	5539					correct	5591					correct	5863					complete
hlsl-intrinsic/firstbitlow.slang#cuda-1	hlsl-intrinsic/firstbitlow.slang	cuda_sm_7_0	False	mvp		correct	5690					correct	5915					correct	5904					complete
hlsl-intrinsic/firstbitlow64.slang#cuda-1	hlsl-intrinsic/firstbitlow64.slang	cuda_sm_7_0	False	mvp		correct	5699					correct	5942					correct	5739					complete
hlsl-intrinsic/literal-int64.slang#cuda-1	hlsl-intrinsic/literal-int64.slang	cuda_sm_7_0	False	mvp		correct	5567					correct	5924					correct	5657					complete
hlsl-intrinsic/matrix-cast-to-vector.slang#cuda-1	hlsl-intrinsic/matrix-cast-to-vector.slang	cuda_sm_7_0	False	mvp		correct	5658					correct	5884					correct	5872					complete
hlsl-intrinsic/matrix-double-reduced-intrinsic.slang#cuda-1	hlsl-intrinsic/matrix-double-reduced-intrinsic.slang	cuda_sm_7_0	False	mvp		correct	5791					correct	5922					correct	5924					complete
hlsl-intrinsic/matrix-double.slang#cuda-1	hlsl-intrinsic/matrix-double.slang	cuda_sm_7_0	False	mvp		correct	6668					correct	5976					correct	6129					complete
hlsl-intrinsic/matrix-float.slang#cuda-1	hlsl-intrinsic/matrix-float.slang	cuda_sm_7_0	False	mvp		correct	6418					correct	5861					correct	6095					complete
hlsl-intrinsic/matrix-int-runtime-index.slang#cuda-1	hlsl-intrinsic/matrix-int-runtime-index.slang	cuda_sm_7_0	False	mvp		correct	5656					correct	5471					correct	5848					complete
hlsl-intrinsic/matrix-int.slang#cuda-1	hlsl-intrinsic/matrix-int.slang	cuda_sm_7_0	False	mvp		correct	5723					correct	5776					correct	5887					complete
hlsl-intrinsic/min-max-iarithmetic.slang#cuda-1	hlsl-intrinsic/min-max-iarithmetic.slang	cuda_sm_7_0	False	mvp		correct	5661					correct	5873					correct	5834					complete
hlsl-intrinsic/packed/pack-unpack-float.slang#cuda-1	hlsl-intrinsic/packed/pack-unpack-float.slang	cuda_sm_7_0	False	mvp		correct	5820					correct	5871					correct	5677					complete
hlsl-intrinsic/packed/pack-unpack.slang#cuda-1	hlsl-intrinsic/packed/pack-unpack.slang	cuda_sm_7_0	False	mvp		correct	5675					correct	5733					correct	5736					complete
hlsl-intrinsic/packed/pack-unpack.slang#cuda-2	hlsl-intrinsic/packed/pack-unpack.slang	cuda_sm_7_0	False	mvp		correct	5627					correct	5846					correct	5904					complete
hlsl-intrinsic/packed/unpack-float.slang#cuda-1	hlsl-intrinsic/packed/unpack-float.slang	cuda_sm_7_0	False	mvp		correct	5810					correct	5791					correct	5564					complete
hlsl-intrinsic/quad-control/quad-control-comp-functionality.slang#cuda-1	hlsl-intrinsic/quad-control/quad-control-comp-functionality.slang	cuda_sm_7_0	False	extension	advanced wave/quad operation outside the initial MVP	correct	5947					preflight	5630	RequireMaximallyReconverges	residual-target-marker-or-undefined-value	named upstream IR producer -> _validateNVVMFunction default rejection	direct NVVM lowering does not support Slang IR instruction or shape 'RequireMaximallyReconverges'	preflight	5615	RequireMaximallyReconverges	residual-target-marker-or-undefined-value	named upstream IR producer -> _validateNVVMFunction default rejection	direct NVVM lowering does not support Slang IR instruction or shape 'RequireMaximallyReconverges'	complete
hlsl-intrinsic/reversebits.slang#cuda-1	hlsl-intrinsic/reversebits.slang	cuda_sm_7_0	False	mvp		correct	5884					correct	5496					correct	6254					complete
hlsl-intrinsic/reversebits64.slang#cuda-1	hlsl-intrinsic/reversebits64.slang	cuda_sm_7_0	False	mvp		correct	5805					correct	5562					correct	5847					complete
hlsl-intrinsic/scalar-bf16.slang#cuda-1	hlsl-intrinsic/scalar-bf16.slang	cuda_sm_7_0	False	mvp		correct	5861					preflight	5540	helper function result type	helper-abi-type-contract	post-specialization linked IRFunc signature -> _validateNVVMHelperTarget	direct NVVM lowering does not support Slang IR instruction or shape 'helper function result type: BFloat16'	preflight	5715	helper function result type	helper-abi-type-contract	post-specialization linked IRFunc signature -> _validateNVVMHelperTarget	direct NVVM lowering does not support Slang IR instruction or shape 'helper function result type: BFloat16'	complete
hlsl-intrinsic/scalar-double-abs.slang#cuda-1	hlsl-intrinsic/scalar-double-abs.slang	cuda_sm_7_0	False	mvp		correct	5696					correct	5867					correct	5677					complete
hlsl-intrinsic/scalar-double-acos.slang#cuda-1	hlsl-intrinsic/scalar-double-acos.slang	cuda_sm_7_0	False	mvp		correct	5800					correct	5547					correct	5819					complete
hlsl-intrinsic/scalar-double-asdouble.slang#cuda-1	hlsl-intrinsic/scalar-double-asdouble.slang	cuda_sm_7_0	False	mvp		correct	5711					correct	5793					correct	5873					complete
hlsl-intrinsic/scalar-double-asin.slang#cuda-1	hlsl-intrinsic/scalar-double-asin.slang	cuda_sm_7_0	False	mvp		correct	5649					correct	5787					correct	5566					complete
hlsl-intrinsic/scalar-double-asuint.slang#cuda-1	hlsl-intrinsic/scalar-double-asuint.slang	cuda_sm_7_0	False	mvp		correct	6003					correct	5825					correct	5596					complete
hlsl-intrinsic/scalar-double-atan.slang#cuda-1	hlsl-intrinsic/scalar-double-atan.slang	cuda_sm_7_0	False	mvp		correct	6014					correct	5694					correct	5897					complete
hlsl-intrinsic/scalar-double-atan2.slang#cuda-1	hlsl-intrinsic/scalar-double-atan2.slang	cuda_sm_7_0	False	mvp		correct	5951					correct	5553					correct	6033					complete
hlsl-intrinsic/scalar-double-ceil.slang#cuda-1	hlsl-intrinsic/scalar-double-ceil.slang	cuda_sm_7_0	False	mvp		correct	5820					correct	5695					correct	5931					complete
hlsl-intrinsic/scalar-double-clamp.slang#cuda-1	hlsl-intrinsic/scalar-double-clamp.slang	cuda_sm_7_0	False	mvp		correct	5730					correct	5798					correct	5759					complete
hlsl-intrinsic/scalar-double-cos.slang#cuda-1	hlsl-intrinsic/scalar-double-cos.slang	cuda_sm_7_0	False	mvp		correct	5862					correct	5581					correct	5675					complete
hlsl-intrinsic/scalar-double-d3d-intrinsic.slang#cuda-1	hlsl-intrinsic/scalar-double-d3d-intrinsic.slang	cuda_sm_7_0	False	mvp		correct	5750					correct	5735					correct	5754					complete
hlsl-intrinsic/scalar-double-exp.slang#cuda-1	hlsl-intrinsic/scalar-double-exp.slang	cuda_sm_7_0	False	mvp		correct	5614					correct	5798					correct	5704					complete
hlsl-intrinsic/scalar-double-exp2.slang#cuda-1	hlsl-intrinsic/scalar-double-exp2.slang	cuda_sm_7_0	False	mvp		correct	5874					correct	5887					correct	5537					complete
hlsl-intrinsic/scalar-double-floor.slang#cuda-1	hlsl-intrinsic/scalar-double-floor.slang	cuda_sm_7_0	False	mvp		correct	5968					correct	5689					correct	5726					complete
hlsl-intrinsic/scalar-double-frac.slang#cuda-1	hlsl-intrinsic/scalar-double-frac.slang	cuda_sm_7_0	False	mvp		correct	5877					correct	5588					correct	5990					complete
hlsl-intrinsic/scalar-double-ldexp.slang#cuda-1	hlsl-intrinsic/scalar-double-ldexp.slang	cuda_sm_7_0	False	mvp		correct	5814					correct	5609					correct	5806					complete
hlsl-intrinsic/scalar-double-lerp.slang#cuda-1	hlsl-intrinsic/scalar-double-lerp.slang	cuda_sm_7_0	False	mvp		correct	5545					correct	5585					correct	5826					complete
hlsl-intrinsic/scalar-double-log.slang#cuda-1	hlsl-intrinsic/scalar-double-log.slang	cuda_sm_7_0	False	mvp		correct	5554					correct	5613					correct	5571					complete
hlsl-intrinsic/scalar-double-log10.slang#cuda-1	hlsl-intrinsic/scalar-double-log10.slang	cuda_sm_7_0	False	mvp		correct	5722					correct	5669					correct	5697					complete
hlsl-intrinsic/scalar-double-log2.slang#cuda-1	hlsl-intrinsic/scalar-double-log2.slang	cuda_sm_7_0	False	mvp		correct	5568					correct	5764					correct	5748					complete
hlsl-intrinsic/scalar-double-max.slang#cuda-1	hlsl-intrinsic/scalar-double-max.slang	cuda_sm_7_0	False	mvp		correct	5811					correct	5818					correct	5563					complete
hlsl-intrinsic/scalar-double-min.slang#cuda-1	hlsl-intrinsic/scalar-double-min.slang	cuda_sm_7_0	False	mvp		correct	6178					correct	5760					correct	5714					complete
hlsl-intrinsic/scalar-double-pow.slang#cuda-1	hlsl-intrinsic/scalar-double-pow.slang	cuda_sm_7_0	False	mvp		correct	6123					correct	5613					correct	5904					complete
hlsl-intrinsic/scalar-double-rcp.slang#cuda-1	hlsl-intrinsic/scalar-double-rcp.slang	cuda_sm_7_0	False	mvp		correct	5937					correct	5682					correct	5945					complete
hlsl-intrinsic/scalar-double-rsqrt.slang#cuda-1	hlsl-intrinsic/scalar-double-rsqrt.slang	cuda_sm_7_0	False	mvp		correct	5846					correct	5727					correct	5929					complete
hlsl-intrinsic/scalar-double-saturate.slang#cuda-1	hlsl-intrinsic/scalar-double-saturate.slang	cuda_sm_7_0	False	mvp		correct	5553					correct	5639					correct	5608					complete
hlsl-intrinsic/scalar-double-sign.slang#cuda-1	hlsl-intrinsic/scalar-double-sign.slang	cuda_sm_7_0	False	mvp		correct	5913					correct	5619					correct	5696					complete
hlsl-intrinsic/scalar-double-simple.slang#cuda-1	hlsl-intrinsic/scalar-double-simple.slang	cuda_sm_7_0	False	mvp		correct	5598					correct	5679					correct	5884					complete
hlsl-intrinsic/scalar-double-sin.slang#cuda-1	hlsl-intrinsic/scalar-double-sin.slang	cuda_sm_7_0	False	mvp		correct	5580					correct	5762					correct	5709					complete
hlsl-intrinsic/scalar-double-sincos.slang#cuda-1	hlsl-intrinsic/scalar-double-sincos.slang	cuda_sm_7_0	False	mvp		correct	6101					correct	5804					correct	5707					complete
hlsl-intrinsic/scalar-double-smoothstep.slang#cuda-1	hlsl-intrinsic/scalar-double-smoothstep.slang	cuda_sm_7_0	False	mvp		correct	6176					correct	5842					correct	5778					complete
hlsl-intrinsic/scalar-double-sqrt.slang#cuda-1	hlsl-intrinsic/scalar-double-sqrt.slang	cuda_sm_7_0	False	mvp		correct	6178					correct	5848					correct	5814					complete
hlsl-intrinsic/scalar-double-step.slang#cuda-1	hlsl-intrinsic/scalar-double-step.slang	cuda_sm_7_0	False	mvp		correct	5959					correct	5867					correct	5801					complete
hlsl-intrinsic/scalar-double-tan.slang#cuda-1	hlsl-intrinsic/scalar-double-tan.slang	cuda_sm_7_0	False	mvp		correct	5659					correct	5692					correct	5656					complete
hlsl-intrinsic/scalar-double-trunc.slang#cuda-1	hlsl-intrinsic/scalar-double-trunc.slang	cuda_sm_7_0	False	mvp		correct	5980					correct	5702					correct	5631					complete
hlsl-intrinsic/scalar-double-vk-intrinsic.slang#cuda-1	hlsl-intrinsic/scalar-double-vk-intrinsic.slang	cuda_sm_7_0	False	mvp		correct	6088					correct	5746					correct	5882					complete
hlsl-intrinsic/scalar-double.slang#cuda-1	hlsl-intrinsic/scalar-double.slang	cuda_sm_7_0	False	mvp		correct	5821					correct	5755					correct	5910					complete
hlsl-intrinsic/scalar-float.slang#cuda-1	hlsl-intrinsic/scalar-float.slang	cuda_sm_7_0	False	mvp		correct	6155					correct	5858					correct	6380					complete
hlsl-intrinsic/scalar-half.slang#cuda-1	hlsl-intrinsic/scalar-half.slang	cuda_sm_7_0	False	mvp		correct	6404					correct	5721					correct	5937					complete
hlsl-intrinsic/scalar-int.slang#cuda-1	hlsl-intrinsic/scalar-int.slang	cuda_sm_7_0	False	mvp		correct	6176					correct	5640					correct	5786					complete
hlsl-intrinsic/scalar-int64.slang#cuda-1	hlsl-intrinsic/scalar-int64.slang	cuda_sm_7_0	False	mvp		correct	6067					correct	5592					correct	5823					complete
hlsl-intrinsic/scalar-swizzling.slang#cuda-1	hlsl-intrinsic/scalar-swizzling.slang	cuda_sm_7_0	False	mvp		correct	6017					correct	5676					correct	5666					complete
hlsl-intrinsic/scalar-uint.slang#cuda-1	hlsl-intrinsic/scalar-uint.slang	cuda_sm_7_0	False	mvp		correct	5813					correct	5682					correct	5550					complete
hlsl-intrinsic/scalar-uint64.slang#cuda-1	hlsl-intrinsic/scalar-uint64.slang	cuda_sm_7_0	False	mvp		correct	5878					correct	5687					correct	5885					complete
hlsl-intrinsic/size-of/align-of-2.slang#cuda-1	hlsl-intrinsic/size-of/align-of-2.slang	cuda_sm_7_0	False	mvp		correct	5514					correct	5872					correct	5746					complete
hlsl-intrinsic/size-of/align-of-3.slang#cuda-1	hlsl-intrinsic/size-of/align-of-3.slang	cuda_sm_7_0	False	mvp		correct	6023					correct	5911					correct	5678					complete
hlsl-intrinsic/size-of/align-of-generic.slang#cuda-1	hlsl-intrinsic/size-of/align-of-generic.slang	cuda_sm_7_0	False	mvp		correct	6132					correct	5709					correct	5844					complete
hlsl-intrinsic/size-of/align-of.slang#cuda-1	hlsl-intrinsic/size-of/align-of.slang	cuda_sm_7_0	False	mvp		correct	6159					correct	5742					correct	5801					complete
hlsl-intrinsic/size-of/size-of-2.slang#cuda-1	hlsl-intrinsic/size-of/size-of-2.slang	cuda_sm_7_0	False	mvp		correct	6084					correct	5718					correct	5853					complete
hlsl-intrinsic/size-of/size-of-3.slang#cuda-1	hlsl-intrinsic/size-of/size-of-3.slang	cuda_sm_7_0	False	mvp		correct	6057					correct	5697					correct	5720					complete
hlsl-intrinsic/size-of/size-of-compile-time.slang#cuda-1	hlsl-intrinsic/size-of/size-of-compile-time.slang	cuda_sm_7_0	False	mvp		correct	5706					correct	5628					correct	6254					complete
hlsl-intrinsic/size-of/size-of-generic.slang#cuda-1	hlsl-intrinsic/size-of/size-of-generic.slang	cuda_sm_7_0	False	mvp		correct	6107					correct	5610					correct	5849					complete
hlsl-intrinsic/size-of/size-of-tuple.slang#cuda-1	hlsl-intrinsic/size-of/size-of-tuple.slang	cuda_sm_7_0	False	mvp		correct	5783					correct	5736					correct	5793					complete
hlsl-intrinsic/size-of/size-of.slang#cuda-1	hlsl-intrinsic/size-of/size-of.slang	cuda_sm_7_0	False	mvp		correct	5928					correct	5710					correct	5705					complete
hlsl-intrinsic/substandard-fp-folding.slang#cuda-1	hlsl-intrinsic/substandard-fp-folding.slang	cuda_sm_7_0	False	mvp		correct	6066					preflight	5575	helper function parameter	helper-abi-type-contract	post-specialization linked IRFunc signature -> _validateNVVMHelperTarget	direct NVVM lowering does not support Slang IR instruction or shape 'helper function parameter: FloatE4M3'	preflight	6089	helper function parameter	helper-abi-type-contract	post-specialization linked IRFunc signature -> _validateNVVMHelperTarget	direct NVVM lowering does not support Slang IR instruction or shape 'helper function parameter: FloatE4M3'	complete
hlsl-intrinsic/texture-2d-gather.slang#cuda-1	hlsl-intrinsic/texture-2d-gather.slang	cuda_sm_7_0	False	mvp		correct	6260					correct	5679					correct	6043					complete
hlsl-intrinsic/vector-dot-int.slang#cuda-1	hlsl-intrinsic/vector-dot-int.slang	cuda_sm_7_0	False	mvp		correct	6268					correct	5662					correct	5949					complete
hlsl-intrinsic/vector-double-reduced-intrinsic.slang#cuda-1	hlsl-intrinsic/vector-double-reduced-intrinsic.slang	cuda_sm_7_0	False	mvp		correct	6122					correct	5778					correct	5795					complete
hlsl-intrinsic/vector-float.slang#cuda-1	hlsl-intrinsic/vector-float.slang	cuda_sm_7_0	False	mvp		correct	5993					correct	5715					correct	5874					complete
hlsl-intrinsic/vector-int-runtime-index.slang#cuda-1	hlsl-intrinsic/vector-int-runtime-index.slang	cuda_sm_7_0	False	mvp		correct	6104					correct	5580					correct	5990					complete
hlsl-intrinsic/vector-int.slang#cuda-1	hlsl-intrinsic/vector-int.slang	cuda_sm_7_0	False	mvp		correct	5944					correct	5634					correct	5902					complete
hlsl-intrinsic/wave-active-count-bits.slang#cuda-1	hlsl-intrinsic/wave-active-count-bits.slang	cuda_sm_7_0	False	mvp		correct	5585					correct	5788					correct	5763					complete
hlsl-intrinsic/wave-active-count-bits.slang#cuda-2	hlsl-intrinsic/wave-active-count-bits.slang	cuda_sm_7_0	False	mvp		correct	5951					correct	5751					correct	6153					complete
hlsl-intrinsic/wave-active-product.slang#cuda-1	hlsl-intrinsic/wave-active-product.slang	cuda_sm_7_0	False	mvp		correct	5885					correct	5647					correct	6322					complete
hlsl-intrinsic/wave-broadcast-lane-at-vk.slang#cuda-1	hlsl-intrinsic/wave-broadcast-lane-at-vk.slang	cuda_sm_7_0	False	mvp		correct	5958					correct	5643					correct	6096					complete
hlsl-intrinsic/wave-builtins-interface-specialization.slang#cuda-1	hlsl-intrinsic/wave-builtins-interface-specialization.slang	cuda_sm_7_0	False	mvp		correct	5979					correct	5784					correct	6059					complete
hlsl-intrinsic/wave-diverge.slang#cuda-1	hlsl-intrinsic/wave-diverge.slang	cuda_sm_7_0	False	mvp		correct	5589					correct	5690					correct	5597					complete
hlsl-intrinsic/wave-equality.slang#cuda-1	hlsl-intrinsic/wave-equality.slang	cuda_sm_7_0	False	mvp		correct	5940					correct	5689					correct	5911					complete
hlsl-intrinsic/wave-get-lane-index.slang#cuda-1	hlsl-intrinsic/wave-get-lane-index.slang	cuda_sm_7_0	False	mvp		correct	5939					correct	5653					correct	6049					complete
hlsl-intrinsic/wave-get-lane-mask.slang#cuda-1	hlsl-intrinsic/wave-get-lane-mask.slang	cuda_sm_7_0	False	mvp		correct	5538					correct	5756					correct	5702					complete
hlsl-intrinsic/wave-get-num-waves.slang#cuda-1	hlsl-intrinsic/wave-get-num-waves.slang	cuda_sm_7_0	False	mvp		correct	5778					correct	5762					correct	5900					complete
hlsl-intrinsic/wave-get-wave-index.slang#cuda-1	hlsl-intrinsic/wave-get-wave-index.slang	cuda_sm_7_0	False	mvp		correct	6096					correct	5776					correct	6067					complete
hlsl-intrinsic/wave-is-first-lane.slang#cuda-1	hlsl-intrinsic/wave-is-first-lane.slang	cuda_sm_7_0	False	mvp		correct	5983					correct	5734					correct	6229					complete
hlsl-intrinsic/wave-mask/wave-active-product.slang#cuda-1	hlsl-intrinsic/wave-mask/wave-active-product.slang	cuda_sm_7_0	False	mvp		correct	5985					correct	5794					correct	6044					complete
hlsl-intrinsic/wave-mask/wave-broadcast-lane-at-vk.slang#cuda-1	hlsl-intrinsic/wave-mask/wave-broadcast-lane-at-vk.slang	cuda_sm_7_0	False	mvp		correct	5601					correct	5607					correct	5697					complete
hlsl-intrinsic/wave-mask/wave-broadcast-lane-at.slang#cuda-1	hlsl-intrinsic/wave-mask/wave-broadcast-lane-at.slang	cuda_sm_7_0	False	mvp		correct	5857					correct	5632					correct	5892					complete
hlsl-intrinsic/wave-mask/wave-diverge.slang#cuda-1	hlsl-intrinsic/wave-mask/wave-diverge.slang	cuda_sm_7_0	False	mvp		correct	6065					correct	5523					correct	5949					complete
hlsl-intrinsic/wave-mask/wave-equality.slang#cuda-1	hlsl-intrinsic/wave-mask/wave-equality.slang	cuda_sm_7_0	False	mvp		correct	5580					correct	5797					correct	5616					complete
hlsl-intrinsic/wave-mask/wave-get-active.slang#cuda-1	hlsl-intrinsic/wave-mask/wave-get-active.slang	cuda_sm_7_0	False	mvp		correct	5634					correct	5698					correct	5716					complete
hlsl-intrinsic/wave-mask/wave-get-converged.slang#cuda-1	hlsl-intrinsic/wave-mask/wave-get-converged.slang	cuda_sm_7_0	False	mvp		correct	6249					correct	5669					correct	5961					complete
hlsl-intrinsic/wave-mask/wave-is-first-lane.slang#cuda-1	hlsl-intrinsic/wave-mask/wave-is-first-lane.slang	cuda_sm_7_0	False	mvp		correct	6139					correct	5645					correct	5934					complete
hlsl-intrinsic/wave-mask/wave-mask-prefix-min-max.slang#cuda-1	hlsl-intrinsic/wave-mask/wave-mask-prefix-min-max.slang	cuda_sm_7_0	False	extension	advanced wave/quad operation outside the initial MVP	correct	6103					correct	5763					correct	6084					complete
hlsl-intrinsic/wave-mask/wave-mask-prefix.slang#cuda-1	hlsl-intrinsic/wave-mask/wave-mask-prefix.slang	cuda_sm_7_0	False	mvp		correct	5859					correct	5642					correct	5776					complete
hlsl-intrinsic/wave-mask/wave-matrix.slang#cuda-1	hlsl-intrinsic/wave-mask/wave-matrix.slang	cuda_sm_7_0	False	extension	advanced wave/quad operation outside the initial MVP	correct	5947					correct	5647					correct	5722					complete
hlsl-intrinsic/wave-mask/wave-prefix-product.slang#cuda-1	hlsl-intrinsic/wave-mask/wave-prefix-product.slang	cuda_sm_7_0	False	extension	advanced wave/quad operation outside the initial MVP	correct	6133					correct	5582					correct	5823					complete
hlsl-intrinsic/wave-mask/wave-prefix-sum.slang#cuda-1	hlsl-intrinsic/wave-mask/wave-prefix-sum.slang	cuda_sm_7_0	False	extension	advanced wave/quad operation outside the initial MVP	correct	5797					correct	5971					correct	5660					complete
hlsl-intrinsic/wave-mask/wave-read-lane-at-vk.slang#cuda-1	hlsl-intrinsic/wave-mask/wave-read-lane-at-vk.slang	cuda_sm_7_0	False	mvp		correct	5601					correct	5775					correct	5732					complete
hlsl-intrinsic/wave-mask/wave-read-lane-at.slang#cuda-1	hlsl-intrinsic/wave-mask/wave-read-lane-at.slang	cuda_sm_7_0	False	mvp		correct	6196					correct	5869					correct	5879					complete
hlsl-intrinsic/wave-mask/wave-shuffle-vk.slang#cuda-1	hlsl-intrinsic/wave-mask/wave-shuffle-vk.slang	cuda_sm_7_0	False	mvp		correct	6150					correct	5746					correct	5948					complete
hlsl-intrinsic/wave-mask/wave-shuffle.slang#cuda-1	hlsl-intrinsic/wave-mask/wave-shuffle.slang	cuda_sm_7_0	False	mvp		correct	6095					correct	5894					correct	5890					complete
hlsl-intrinsic/wave-mask/wave-vector.slang#cuda-1	hlsl-intrinsic/wave-mask/wave-vector.slang	cuda_sm_7_0	False	mvp		correct	6035					correct	5797					correct	5821					complete
hlsl-intrinsic/wave-mask/wave.slang#cuda-1	hlsl-intrinsic/wave-mask/wave.slang	cuda_sm_7_0	False	mvp		correct	5650					correct	5780					correct	5567					complete
hlsl-intrinsic/wave-matrix.slang#cuda-1	hlsl-intrinsic/wave-matrix.slang	cuda_sm_7_0	False	extension	advanced wave/quad operation outside the initial MVP	correct	6091					correct	5638					correct	5834					complete
hlsl-intrinsic/wave-multi/wave-multi-bitwise.slang#cuda-1	hlsl-intrinsic/wave-multi/wave-multi-bitwise.slang	cuda_sm_7_0	False	extension	advanced wave/quad operation outside the initial MVP	correct	6345					correct	5692					correct	5948					complete
hlsl-intrinsic/wave-multi/wave-multi-min-max.slang#cuda-1	hlsl-intrinsic/wave-multi/wave-multi-min-max.slang	cuda_sm_7_0	False	extension	advanced wave/quad operation outside the initial MVP	correct	6235					preflight	5669	GenericAsm	generic-asm-wave-reconvergence	StmtLoweringVisitor::visitIntrinsicAsmStmt -> IRGenericAsm; _validateNVVMFunction semantic resolution	direct NVVM lowering does not support Slang IR instruction or shape 'GenericAsm assembly=_waveMin($1.x, $0), signature=double(double, vector<uint,4>)'	preflight	5562	GenericAsm	generic-asm-wave-reconvergence	StmtLoweringVisitor::visitIntrinsicAsmStmt -> IRGenericAsm; _validateNVVMFunction semantic resolution	direct NVVM lowering does not support Slang IR instruction or shape 'GenericAsm assembly=_waveMin($1.x, $0), signature=double(double, vector<uint,4>)'	complete
hlsl-intrinsic/wave-multi/wave-multi-prefix-bitwise.slang#cuda-1	hlsl-intrinsic/wave-multi/wave-multi-prefix-bitwise.slang	cuda_sm_7_0	False	extension	advanced wave/quad operation outside the initial MVP	correct	6888					correct	5834					correct	6228					complete
hlsl-intrinsic/wave-multi/wave-multi-prefix-max.slang#cuda-1	hlsl-intrinsic/wave-multi/wave-multi-prefix-max.slang	cuda_sm_7_0	False	extension	advanced wave/quad operation outside the initial MVP	correct	8923					preflight	5725	helper function parameter	helper-abi-type-contract	post-specialization linked IRFunc signature -> _validateNVVMHelperTarget	direct NVVM lowering does not support Slang IR instruction or shape 'helper function parameter: Ptr<KernelContext, addressSpace=1, access=0, operands=4, layout=DefaultLayout>'	preflight	5960	helper function parameter	helper-abi-type-contract	post-specialization linked IRFunc signature -> _validateNVVMHelperTarget	direct NVVM lowering does not support Slang IR instruction or shape 'helper function parameter: Ptr<KernelContext, addressSpace=1, access=0, operands=4, layout=DefaultLayout>'	complete
hlsl-intrinsic/wave-multi/wave-multi-prefix-min.slang#cuda-1	hlsl-intrinsic/wave-multi/wave-multi-prefix-min.slang	cuda_sm_7_0	False	extension	advanced wave/quad operation outside the initial MVP	correct	8736					preflight	5718	helper function parameter	helper-abi-type-contract	post-specialization linked IRFunc signature -> _validateNVVMHelperTarget	direct NVVM lowering does not support Slang IR instruction or shape 'helper function parameter: Ptr<KernelContext, addressSpace=1, access=0, operands=4, layout=DefaultLayout>'	preflight	5881	helper function parameter	helper-abi-type-contract	post-specialization linked IRFunc signature -> _validateNVVMHelperTarget	direct NVVM lowering does not support Slang IR instruction or shape 'helper function parameter: Ptr<KernelContext, addressSpace=1, access=0, operands=4, layout=DefaultLayout>'	complete
hlsl-intrinsic/wave-multi/wave-multi-prefix-scalar-functional.slang#cuda-1	hlsl-intrinsic/wave-multi/wave-multi-prefix-scalar-functional.slang	cuda_sm_7_0	False	extension	advanced wave/quad operation outside the initial MVP	correct	6016					correct	5756					correct	5854					complete
hlsl-intrinsic/wave-multi/wave-multi-prefix-sum-product.slang#cuda-1	hlsl-intrinsic/wave-multi/wave-multi-prefix-sum-product.slang	cuda_sm_7_0	False	extension	advanced wave/quad operation outside the initial MVP	correct	7174					preflight	5697	GenericAsm	generic-asm-wave-reconvergence	StmtLoweringVisitor::visitIntrinsicAsmStmt -> IRGenericAsm; _validateNVVMFunction semantic resolution	direct NVVM lowering does not support Slang IR instruction or shape 'GenericAsm assembly=_wavePrefixSum($1.x, $0) + $0, signature=double(double, vector<uint,4>)'	preflight	5521	GenericAsm	generic-asm-wave-reconvergence	StmtLoweringVisitor::visitIntrinsicAsmStmt -> IRGenericAsm; _validateNVVMFunction semantic resolution	direct NVVM lowering does not support Slang IR instruction or shape 'GenericAsm assembly=_wavePrefixSum($1.x, $0) + $0, signature=double(double, vector<uint,4>)'	complete
hlsl-intrinsic/wave-multi/wave-multi-sum-product.slang#cuda-1	hlsl-intrinsic/wave-multi/wave-multi-sum-product.slang	cuda_sm_7_0	False	extension	advanced wave/quad operation outside the initial MVP	correct	6206					preflight	5504	GenericAsm	generic-asm-wave-reconvergence	StmtLoweringVisitor::visitIntrinsicAsmStmt -> IRGenericAsm; _validateNVVMFunction semantic resolution	direct NVVM lowering does not support Slang IR instruction or shape 'GenericAsm assembly=_waveSum($1.x, $0), signature=double(double, vector<uint,4>)'	preflight	5756	GenericAsm	generic-asm-wave-reconvergence	StmtLoweringVisitor::visitIntrinsicAsmStmt -> IRGenericAsm; _validateNVVMFunction semantic resolution	direct NVVM lowering does not support Slang IR instruction or shape 'GenericAsm assembly=_waveSum($1.x, $0), signature=double(double, vector<uint,4>)'	complete
hlsl-intrinsic/wave-prefix-bitwise.slang#cuda-1	hlsl-intrinsic/wave-prefix-bitwise.slang	cuda_sm_7_0	False	extension	advanced wave/quad operation outside the initial MVP	correct	5867					correct	5483					correct	5708					complete
hlsl-intrinsic/wave-prefix-count-bits.slang#cuda-1	hlsl-intrinsic/wave-prefix-count-bits.slang	cuda_sm_7_0	False	extension	advanced wave/quad operation outside the initial MVP	correct	5519					preflight	5556	GenericAsm	generic-asm-wave-reconvergence	StmtLoweringVisitor::visitIntrinsicAsmStmt -> IRGenericAsm; _validateNVVMFunction semantic resolution	direct NVVM lowering does not support Slang IR instruction or shape 'GenericAsm assembly=__popc(__ballot_sync($0, $1)  & _getLaneLtMask()), signature=uint(uint, bool)'	preflight	5384	GenericAsm	generic-asm-wave-reconvergence	StmtLoweringVisitor::visitIntrinsicAsmStmt -> IRGenericAsm; _validateNVVMFunction semantic resolution	direct NVVM lowering does not support Slang IR instruction or shape 'GenericAsm assembly=__popc(__ballot_sync($0, $1)  & _getLaneLtMask()), signature=uint(uint, bool)'	complete
hlsl-intrinsic/wave-prefix-min-max.slang#cuda-1	hlsl-intrinsic/wave-prefix-min-max.slang	cuda_sm_7_0	False	extension	advanced wave/quad operation outside the initial MVP	correct	5985					correct	5776					correct	5791					complete
hlsl-intrinsic/wave-prefix-product.slang#cuda-1	hlsl-intrinsic/wave-prefix-product.slang	cuda_sm_7_0	False	extension	advanced wave/quad operation outside the initial MVP	correct	5888					correct	5842					correct	5918					complete
hlsl-intrinsic/wave-prefix-sum.slang#cuda-1	hlsl-intrinsic/wave-prefix-sum.slang	cuda_sm_7_0	False	extension	advanced wave/quad operation outside the initial MVP	correct	5891					correct	5787					correct	5949					complete
hlsl-intrinsic/wave-read-lane-at-vk.slang#cuda-1	hlsl-intrinsic/wave-read-lane-at-vk.slang	cuda_sm_7_0	False	mvp		correct	5914					correct	5826					correct	5895					complete
hlsl-intrinsic/wave-read-lane-at.slang#cuda-1	hlsl-intrinsic/wave-read-lane-at.slang	cuda_sm_7_0	False	mvp		correct	6025					correct	5749					correct	5577					complete
hlsl-intrinsic/wave-rotate/wave-rotate-clustered.slang#cuda-1	hlsl-intrinsic/wave-rotate/wave-rotate-clustered.slang	cuda_sm_7_0	False	extension	advanced wave/quad operation outside the initial MVP	correct	6370					preflight	5741	GenericAsm	generic-asm-wave-reconvergence	StmtLoweringVisitor::visitIntrinsicAsmStmt -> IRGenericAsm; _validateNVVMFunction semantic resolution	direct NVVM lowering does not support Slang IR instruction or shape 'GenericAsm assembly=_slang_waveClusteredRotate($0, $1, $2), signature=float(float, uint, uint)'	preflight	5566	GenericAsm	generic-asm-wave-reconvergence	StmtLoweringVisitor::visitIntrinsicAsmStmt -> IRGenericAsm; _validateNVVMFunction semantic resolution	direct NVVM lowering does not support Slang IR instruction or shape 'GenericAsm assembly=_slang_waveClusteredRotate($0, $1, $2), signature=float(float, uint, uint)'	complete
hlsl-intrinsic/wave-rotate/wave-rotate.slang#cuda-1	hlsl-intrinsic/wave-rotate/wave-rotate.slang	cuda_sm_7_0	False	extension	advanced wave/quad operation outside the initial MVP	correct	7926					preflight	7192	GenericAsm	generic-asm-wave-reconvergence	StmtLoweringVisitor::visitIntrinsicAsmStmt -> IRGenericAsm; _validateNVVMFunction semantic resolution	direct NVVM lowering does not support Slang IR instruction or shape 'GenericAsm assembly=__shfl_sync(0xFFFFFFFF, $0, (_getLaneId() + $1) % 32), signature=float(float, uint)'	preflight	7183	GenericAsm	generic-asm-wave-reconvergence	StmtLoweringVisitor::visitIntrinsicAsmStmt -> IRGenericAsm; _validateNVVMFunction semantic resolution	direct NVVM lowering does not support Slang IR instruction or shape 'GenericAsm assembly=__shfl_sync(0xFFFFFFFF, $0, (_getLaneId() + $1) % 32), signature=float(float, uint)'	complete
hlsl-intrinsic/wave-shuffle-vk.slang#cuda-1	hlsl-intrinsic/wave-shuffle-vk.slang	cuda_sm_7_0	False	mvp		correct	5838					correct	5546					correct	5703					complete
hlsl-intrinsic/wave-vector.slang#cuda-1	hlsl-intrinsic/wave-vector.slang	cuda_sm_7_0	False	mvp		correct	6106					correct	5663					correct	5751					complete
hlsl-intrinsic/wave.slang#cuda-1	hlsl-intrinsic/wave.slang	cuda_sm_7_0	False	mvp		correct	5977					correct	5857					correct	5788					complete
hlsl/append-structured-buffer.slang#cuda-1	hlsl/append-structured-buffer.slang	cuda_sm_7_0	False	mvp		correct	5765					correct	5932					correct	5846					complete
hlsl/byte-buffer-load-std430.slang#cuda-1	hlsl/byte-buffer-load-std430.slang	cuda_sm_7_0	False	mvp		correct	5869					correct	5868					correct	5800					complete
hlsl/cbuffer-float3-offsets-aligned.slang#cuda-1	hlsl/cbuffer-float3-offsets-aligned.slang	cuda_sm_7_0	False	mvp		correct	5991					correct	5915					correct	5593					complete
hlsl/cbuffer-float3-offsets-unaligned.slang#cuda-1	hlsl/cbuffer-float3-offsets-unaligned.slang	cuda_sm_7_0	False	mvp		correct	6083					correct	5993					correct	5470					complete
hlsl/consume-structured-buffer.slang#cuda-1	hlsl/consume-structured-buffer.slang	cuda_sm_7_0	False	mvp		correct	5860					correct	5458					correct	5564					complete
hlsl/packoffset.slang#cuda-1	hlsl/packoffset.slang	cuda_sm_7_0	False	mvp		correct	5726					correct	5590					correct	5508					complete
language-feature/anyvalue-layout.slang#cuda-1	language-feature/anyvalue-layout.slang	cuda_sm_7_0	False	mvp		correct	5888					runtime-mismatch	5806		runtime-anyvalue-layout	compiled PTX executed by the CUDA compare-compute harness	Slang compilation aborted due to an exception of class Slang::InternalError unexpected: Unable to generate bit_cast code for the given type	runtime-mismatch	5455		runtime-anyvalue-layout	compiled PTX executed by the CUDA compare-compute harness	Slang compilation aborted due to an exception of class Slang::InternalError unexpected: Unable to generate bit_cast code for the given type	complete
language-feature/atomic-t/atomic-0.slang#cuda-1	language-feature/atomic-t/atomic-0.slang	cuda_sm_7_0	False	mvp		correct	5929					correct	5939					correct	6419					complete
language-feature/atomic-t/atomic-1.slang#cuda-1	language-feature/atomic-t/atomic-1.slang	cuda_sm_7_0	False	mvp		correct	5730					correct	5761					correct	5823					complete
language-feature/atomic-t/atomic-2.slang#cuda-1	language-feature/atomic-t/atomic-2.slang	cuda_sm_7_0	False	mvp		correct	5691					correct	5783					correct	5866					complete
language-feature/bit-cast/struct-bit-cast-2.slang#cuda-1	language-feature/bit-cast/struct-bit-cast-2.slang	cuda_sm_7_0	False	mvp		correct	5795					correct	5852					correct	5650					complete
language-feature/bit-cast/struct-reinterpret.slang#cuda-1	language-feature/bit-cast/struct-reinterpret.slang	cuda_sm_7_0	False	mvp		correct	6008					correct	5844					correct	5471					complete
language-feature/bitfield/bitfield-extract.slang#cuda-1	language-feature/bitfield/bitfield-extract.slang	cuda_sm_7_0	False	mvp		correct	5965					correct	5616					correct	5748					complete
language-feature/bitfield/bitfield-insert.slang#cuda-1	language-feature/bitfield/bitfield-insert.slang	cuda_sm_7_0	False	mvp		correct	5676					correct	5483					correct	5644					complete
language-feature/constants/float-as-int-types.slang#cuda-1	language-feature/constants/float-as-int-types.slang	cuda_sm_7_0	False	mvp		correct	5859					correct	5812					correct	5469					complete
language-feature/constants/float-as-int.slang#cuda-1	language-feature/constants/float-as-int.slang	cuda_sm_7_0	False	mvp		correct	5822					correct	5890					correct	5728					complete
language-feature/conversions/conversion-to-bool.slang#cuda-1	language-feature/conversions/conversion-to-bool.slang	cuda_sm_7_0	False	mvp		correct	5947					correct	5697					correct	5832					complete
language-feature/conversions/conversion-to-double.slang#cuda-1	language-feature/conversions/conversion-to-double.slang	cuda_sm_7_0	False	mvp		correct	5924					correct	5834					correct	5957					complete
language-feature/conversions/conversion-to-float.slang#cuda-1	language-feature/conversions/conversion-to-float.slang	cuda_sm_7_0	False	mvp		correct	5936					correct	5930					correct	5901					complete
language-feature/conversions/conversion-to-half.slang#cuda-1	language-feature/conversions/conversion-to-half.slang	cuda_sm_7_0	False	mvp		correct	6073					correct	5823					correct	5627					complete
language-feature/conversions/conversion-to-int16.slang#cuda-1	language-feature/conversions/conversion-to-int16.slang	cuda_sm_7_0	False	mvp		correct	5984					correct	5935					correct	5926					complete
language-feature/conversions/conversion-to-int32.slang#cuda-1	language-feature/conversions/conversion-to-int32.slang	cuda_sm_7_0	False	mvp		correct	5744					correct	5624					correct	5821					complete
language-feature/conversions/conversion-to-int64.slang#cuda-1	language-feature/conversions/conversion-to-int64.slang	cuda_sm_7_0	False	mvp		correct	5996					correct	5776					correct	5553					complete
language-feature/conversions/conversion-to-int8.slang#cuda-1	language-feature/conversions/conversion-to-int8.slang	cuda_sm_7_0	False	mvp		correct	5956					correct	6647					correct	5534					complete
language-feature/conversions/conversion-to-uint16.slang#cuda-1	language-feature/conversions/conversion-to-uint16.slang	cuda_sm_7_0	False	mvp		correct	5751					correct	5675					correct	5698					complete
language-feature/conversions/conversion-to-uint32.slang#cuda-1	language-feature/conversions/conversion-to-uint32.slang	cuda_sm_7_0	False	mvp		correct	5825					correct	5711					correct	6107					complete
language-feature/conversions/conversion-to-uint64.slang#cuda-1	language-feature/conversions/conversion-to-uint64.slang	cuda_sm_7_0	False	mvp		correct	5915					correct	6028					correct	5846					complete
language-feature/conversions/conversion-to-uint8.slang#cuda-1	language-feature/conversions/conversion-to-uint8.slang	cuda_sm_7_0	False	mvp		correct	5916					correct	5952					correct	5778					complete
language-feature/dynamic-dispatch/assoc-type-dynamic-dispatch.slang#cuda-1	language-feature/dynamic-dispatch/assoc-type-dynamic-dispatch.slang	cuda_sm_7_0	False	mvp		correct	5853					correct	5891					correct	5697					complete
language-feature/dynamic-dispatch/assoc-type-explicit-annotation.slang#cuda-1	language-feature/dynamic-dispatch/assoc-type-explicit-annotation.slang	cuda_sm_7_0	False	mvp		correct	5737					correct	5676					correct	5912					complete
language-feature/dynamic-dispatch/assoc-type-interface-type-explicit.slang#cuda-1	language-feature/dynamic-dispatch/assoc-type-interface-type-explicit.slang	cuda_sm_7_0	False	mvp		correct	5947					correct	5609					correct	5609					complete
language-feature/dynamic-dispatch/assoc-type-interface-type-inline.slang#cuda-1	language-feature/dynamic-dispatch/assoc-type-interface-type-inline.slang	cuda_sm_7_0	False	mvp		correct	5901					correct	5734					correct	5473					complete
language-feature/dynamic-dispatch/assoc-type-interface-type.slang#cuda-1	language-feature/dynamic-dispatch/assoc-type-interface-type.slang	cuda_sm_7_0	False	mvp		correct	5689					correct	5568					correct	6597					complete
language-feature/dynamic-dispatch/assoc-type-mutating-method.slang#cuda-1	language-feature/dynamic-dispatch/assoc-type-mutating-method.slang	cuda_sm_7_0	False	mvp		correct	5723					correct	5595					correct	6091					complete
language-feature/dynamic-dispatch/buffer-address-ref.slang#cuda-1	language-feature/dynamic-dispatch/buffer-address-ref.slang	cuda_sm_7_0	False	mvp		correct	5754					correct	5888					correct	5955					complete
language-feature/dynamic-dispatch/buffer-interface-array-field.slang#cuda-1	language-feature/dynamic-dispatch/buffer-interface-array-field.slang	cuda_sm_7_0	False	mvp		correct	5924					correct	5924					correct	5928					complete
language-feature/dynamic-dispatch/buffer-interface-multi-element.slang#cuda-1	language-feature/dynamic-dispatch/buffer-interface-multi-element.slang	cuda_sm_7_0	False	mvp		correct	6070					correct	5813					correct	5759					complete
language-feature/dynamic-dispatch/buffer-struct-with-interface-field.slang#cuda-1	language-feature/dynamic-dispatch/buffer-struct-with-interface-field.slang	cuda_sm_7_0	False	mvp		correct	5721					correct	5790					correct	5866					complete
language-feature/dynamic-dispatch/distinct-type-dispatch.slang#cuda-1	language-feature/dynamic-dispatch/distinct-type-dispatch.slang	cuda_sm_7_0	False	mvp		correct	5937					correct	5593					correct	5883					complete
language-feature/dynamic-dispatch/dynamic-dispatch-params.slang#cuda-1	language-feature/dynamic-dispatch/dynamic-dispatch-params.slang	cuda_sm_7_0	False	mvp		correct	5838					correct	5810					correct	5521					complete
language-feature/dynamic-dispatch/generic-interface-10.slang#cuda-1	language-feature/dynamic-dispatch/generic-interface-10.slang	cuda_sm_7_0	False	mvp		correct	5762					correct	5591					correct	5805					complete
language-feature/dynamic-dispatch/generic-interface-4.slang#cuda-1	language-feature/dynamic-dispatch/generic-interface-4.slang	cuda_sm_7_0	False	mvp		correct	5728					correct	5619					correct	5990					complete
language-feature/dynamic-dispatch/generic-interface-5.slang#cuda-1	language-feature/dynamic-dispatch/generic-interface-5.slang	cuda_sm_7_0	False	mvp		correct	5530					correct	5893					correct	5932					complete
language-feature/dynamic-dispatch/generic-interface-6.slang#cuda-1	language-feature/dynamic-dispatch/generic-interface-6.slang	cuda_sm_7_0	False	mvp		correct	5875					correct	5934					correct	5934					complete
language-feature/dynamic-dispatch/generic-interface-7.slang#cuda-1	language-feature/dynamic-dispatch/generic-interface-7.slang	cuda_sm_7_0	False	mvp		correct	5991					correct	5807					correct	5524					complete
language-feature/dynamic-dispatch/generic-interface-8.slang#cuda-1	language-feature/dynamic-dispatch/generic-interface-8.slang	cuda_sm_7_0	False	mvp		correct	5985					correct	5872					correct	5836					complete
language-feature/dynamic-dispatch/generic-interface-9.slang#cuda-1	language-feature/dynamic-dispatch/generic-interface-9.slang	cuda_sm_7_0	False	mvp		correct	5912					correct	5646					correct	5893					complete
language-feature/dynamic-dispatch/generic-interface-dynamic-param.slang#cuda-1	language-feature/dynamic-dispatch/generic-interface-dynamic-param.slang	cuda_sm_7_0	False	mvp		correct	5946					correct	5808					correct	5752					complete
language-feature/dynamic-dispatch/generic-interface-inherit.slang#cuda-1	language-feature/dynamic-dispatch/generic-interface-inherit.slang	cuda_sm_7_0	False	mvp		correct	5895					correct	5752					correct	5703					complete
language-feature/dynamic-dispatch/generic-interface-multi-conform.slang#cuda-1	language-feature/dynamic-dispatch/generic-interface-multi-conform.slang	cuda_sm_7_0	False	mvp		correct	5920					correct	5620					correct	5868					complete
language-feature/dynamic-dispatch/generic-interface-nested.slang#cuda-1	language-feature/dynamic-dispatch/generic-interface-nested.slang	cuda_sm_7_0	False	mvp		correct	5818					correct	5854					correct	5959					complete
language-feature/dynamic-dispatch/generic-method-constrained.slang#cuda-1	language-feature/dynamic-dispatch/generic-method-constrained.slang	cuda_sm_7_0	False	mvp		correct	5959					correct	6022					correct	5930					complete
language-feature/dynamic-dispatch/generic-method-dispatch.slang#cuda-1	language-feature/dynamic-dispatch/generic-method-dispatch.slang	cuda_sm_7_0	False	mvp		correct	5932					correct	6011					correct	5538					complete
language-feature/dynamic-dispatch/generic-method-with-interface-arg.slang#cuda-1	language-feature/dynamic-dispatch/generic-method-with-interface-arg.slang	cuda_sm_7_0	False	mvp		correct	5942					correct	5885					correct	5812					complete
language-feature/dynamic-dispatch/generic-struct-with-interface-field.slang#cuda-1	language-feature/dynamic-dispatch/generic-struct-with-interface-field.slang	cuda_sm_7_0	False	mvp		correct	5809					correct	5652					correct	5869					complete
language-feature/dynamic-dispatch/global-interface-param-compute-mono.slang#cuda-1	language-feature/dynamic-dispatch/global-interface-param-compute-mono.slang	cuda_sm_7_0	False	mvp		correct	5872					correct	5861					correct	5788					complete
language-feature/dynamic-dispatch/global-interface-param-compute.slang#cuda-1	language-feature/dynamic-dispatch/global-interface-param-compute.slang	cuda_sm_7_0	False	mvp		correct	5890					correct	5998					correct	5564					complete
language-feature/dynamic-dispatch/groupshared-struct-with-interface.slang#cuda-1	language-feature/dynamic-dispatch/groupshared-struct-with-interface.slang	cuda_sm_7_0	False	mvp		correct	5848					correct	5708					correct	5924					complete
language-feature/dynamic-dispatch/impl-concrete-ptr-field.slang#cuda-1	language-feature/dynamic-dispatch/impl-concrete-ptr-field.slang	cuda_sm_7_0	False	mvp		correct	5752					correct	5847					correct	5799					complete
language-feature/dynamic-dispatch/impl-interface-ptr-field-deref.slang#cuda-1	language-feature/dynamic-dispatch/impl-interface-ptr-field-deref.slang	cuda_sm_7_0	False	mvp		correct	5777					correct	5782					correct	5798					complete
language-feature/dynamic-dispatch/impl-multiple-ptr-fields.slang#cuda-1	language-feature/dynamic-dispatch/impl-multiple-ptr-fields.slang	cuda_sm_7_0	False	mvp		correct	5931					correct	6113					correct	5584					complete
language-feature/dynamic-dispatch/impl-ptr-field-anyvaluesize.slang#cuda-1	language-feature/dynamic-dispatch/impl-ptr-field-anyvaluesize.slang	cuda_sm_7_0	False	mvp		correct	5882					correct	6029					correct	5915					complete
language-feature/dynamic-dispatch/impl-ptr-field-deref-after-dispatch.slang#cuda-1	language-feature/dynamic-dispatch/impl-ptr-field-deref-after-dispatch.slang	cuda_sm_7_0	False	mvp		correct	5749					correct	5869					correct	5842					complete
language-feature/dynamic-dispatch/impl-ptr-field-mutating.slang#cuda-1	language-feature/dynamic-dispatch/impl-ptr-field-mutating.slang	cuda_sm_7_0	False	mvp		correct	5819					correct	5726					correct	5781					complete
language-feature/dynamic-dispatch/interface-ptr-deref-via-buffer-address.slang#cuda-1	language-feature/dynamic-dispatch/interface-ptr-deref-via-buffer-address.slang	cuda_sm_7_0	False	mvp		correct	5846					correct	5860					correct	5553					complete
language-feature/dynamic-dispatch/interface-ptr-in-impl.slang#cuda-1	language-feature/dynamic-dispatch/interface-ptr-in-impl.slang	cuda_sm_7_0	False	mvp		correct	5795					correct	5862					correct	5892					complete
language-feature/dynamic-dispatch/layout-16bit-vectors.slang#cuda-1	language-feature/dynamic-dispatch/layout-16bit-vectors.slang	cuda_sm_7_0	False	mvp		correct	5867					correct	5621					correct	6026					complete
language-feature/dynamic-dispatch/layout-64bit-scalar.slang#cuda-1	language-feature/dynamic-dispatch/layout-64bit-scalar.slang	cuda_sm_7_0	False	mvp		correct	5840					correct	5809					correct	5878					complete
language-feature/dynamic-dispatch/layout-64bit-vector.slang#cuda-1	language-feature/dynamic-dispatch/layout-64bit-vector.slang	cuda_sm_7_0	False	mvp		correct	5858					correct	5971					correct	5571					complete
language-feature/dynamic-dispatch/layout-8bit-vectors.slang#cuda-1	language-feature/dynamic-dispatch/layout-8bit-vectors.slang	cuda_sm_7_0	False	mvp		correct	5867					correct	5981					correct	5848					complete
language-feature/dynamic-dispatch/layout-array-2d.slang#cuda-1	language-feature/dynamic-dispatch/layout-array-2d.slang	cuda_sm_7_0	False	mvp		correct	5624					correct	5883					correct	6012					complete
language-feature/dynamic-dispatch/layout-array-field.slang#cuda-1	language-feature/dynamic-dispatch/layout-array-field.slang	cuda_sm_7_0	False	mvp		correct	5702					correct	5550					correct	5877					complete
language-feature/dynamic-dispatch/layout-array-of-structs.slang#cuda-1	language-feature/dynamic-dispatch/layout-array-of-structs.slang	cuda_sm_7_0	False	mvp		correct	5923					correct	5879					correct	5553					complete
language-feature/dynamic-dispatch/layout-array-of-vectors.slang#cuda-1	language-feature/dynamic-dispatch/layout-array-of-vectors.slang	cuda_sm_7_0	False	mvp		correct	5898					correct	5899					correct	5848					complete
language-feature/dynamic-dispatch/layout-conditional-field.slang#cuda-1	language-feature/dynamic-dispatch/layout-conditional-field.slang	cuda_sm_7_0	False	mvp		correct	5886					correct	5688					correct	6046					complete
language-feature/dynamic-dispatch/layout-conditional-zero-size.slang#cuda-1	language-feature/dynamic-dispatch/layout-conditional-zero-size.slang	cuda_sm_7_0	False	mvp		correct	5838					correct	5876					correct	6085					complete
language-feature/dynamic-dispatch/layout-descriptor-handle-array.slang#cuda-1	language-feature/dynamic-dispatch/layout-descriptor-handle-array.slang	cuda_sm_7_0	False	mvp		correct	5842					correct	5939					correct	5877					complete
language-feature/dynamic-dispatch/layout-descriptor-handle-dispatch.slang#cuda-1	language-feature/dynamic-dispatch/layout-descriptor-handle-dispatch.slang	cuda_sm_7_0	False	mvp		correct	5701					correct	5975					correct	5748					complete
language-feature/dynamic-dispatch/layout-descriptor-handle-multi.slang#cuda-1	language-feature/dynamic-dispatch/layout-descriptor-handle-multi.slang	cuda_sm_7_0	False	mvp		correct	5622					correct	5898					correct	5921					complete
language-feature/dynamic-dispatch/layout-empty-tuple-field.slang#cuda-1	language-feature/dynamic-dispatch/layout-empty-tuple-field.slang	cuda_sm_7_0	False	mvp		correct	5668					correct	5625					correct	5910					complete
language-feature/dynamic-dispatch/layout-enum-field.slang#cuda-1	language-feature/dynamic-dispatch/layout-enum-field.slang	cuda_sm_7_0	False	mvp		correct	5692					correct	6018					correct	5732					complete
language-feature/dynamic-dispatch/layout-enum-return.slang#cuda-1	language-feature/dynamic-dispatch/layout-enum-return.slang	cuda_sm_7_0	False	mvp		correct	5781					correct	5989					correct	5810					complete
language-feature/dynamic-dispatch/layout-enum-underlying-types.slang#cuda-1	language-feature/dynamic-dispatch/layout-enum-underlying-types.slang	cuda_sm_7_0	False	mvp		correct	5770					correct	5670					correct	5955					complete
language-feature/dynamic-dispatch/layout-matrix-field.slang#cuda-1	language-feature/dynamic-dispatch/layout-matrix-field.slang	cuda_sm_7_0	False	mvp		correct	5818					correct	5716					correct	6040					complete
language-feature/dynamic-dispatch/layout-mixed-bitwidths.slang#cuda-1	language-feature/dynamic-dispatch/layout-mixed-bitwidths.slang	cuda_sm_7_0	False	mvp		correct	5818					correct	5747					correct	5779					complete
language-feature/dynamic-dispatch/layout-nested-tuple-field.slang#cuda-1	language-feature/dynamic-dispatch/layout-nested-tuple-field.slang	cuda_sm_7_0	False	mvp		correct	5828					correct	5856					correct	5472					complete
language-feature/dynamic-dispatch/layout-optional-field.slang#cuda-1	language-feature/dynamic-dispatch/layout-optional-field.slang	cuda_sm_7_0	False	mvp		correct	5651					correct	5883					correct	5930					complete
language-feature/dynamic-dispatch/layout-tuple-field.slang#cuda-1	language-feature/dynamic-dispatch/layout-tuple-field.slang	cuda_sm_7_0	False	mvp		correct	5706					correct	5658					correct	5934					complete
language-feature/dynamic-dispatch/layout-vector-field.slang#cuda-1	language-feature/dynamic-dispatch/layout-vector-field.slang	cuda_sm_7_0	False	mvp		correct	5829					correct	5813					correct	5673					complete
language-feature/dynamic-dispatch/layout-vector-matrix-mixed.slang#cuda-1	language-feature/dynamic-dispatch/layout-vector-matrix-mixed.slang	cuda_sm_7_0	False	mvp		correct	5862					correct	5792					correct	5635					complete
language-feature/dynamic-dispatch/mutating-dispatch.slang#cuda-1	language-feature/dynamic-dispatch/mutating-dispatch.slang	cuda_sm_7_0	False	mvp		correct	5840					correct	5690					correct	6041					complete
language-feature/dynamic-dispatch/nested-existential-dynamic-dispatch.slang#cuda-1	language-feature/dynamic-dispatch/nested-existential-dynamic-dispatch.slang	cuda_sm_7_0	False	mvp		correct	5779					correct	5586					correct	5928					complete
language-feature/dynamic-dispatch/optional-downcast-struct-with-interface-field.slang#cuda-1	language-feature/dynamic-dispatch/optional-downcast-struct-with-interface-field.slang	cuda_sm_7_0	False	mvp		correct	5748					correct	5655					correct	5775					complete
language-feature/dynamic-dispatch/optional-single-concrete-layout.slang#cuda-1	language-feature/dynamic-dispatch/optional-single-concrete-layout.slang	cuda_sm_7_0	False	mvp		correct	5782					correct	5696					correct	5503					complete
language-feature/dynamic-dispatch/optional-single-concrete-widen.slang#cuda-1	language-feature/dynamic-dispatch/optional-single-concrete-widen.slang	cuda_sm_7_0	False	mvp		correct	5635					correct	5785					correct	5879					complete
language-feature/dynamic-dispatch/ptr-to-interface-array.slang#cuda-1	language-feature/dynamic-dispatch/ptr-to-interface-array.slang	cuda_sm_7_0	False	mvp		correct	5712					correct	5741					correct	5943					complete
language-feature/dynamic-dispatch/ptr-to-interface-cast.slang#cuda-1	language-feature/dynamic-dispatch/ptr-to-interface-cast.slang	cuda_sm_7_0	False	mvp		correct	5798					correct	5782					correct	5809					complete
language-feature/dynamic-dispatch/ptr-to-interface-deref.slang#cuda-1	language-feature/dynamic-dispatch/ptr-to-interface-deref.slang	cuda_sm_7_0	False	mvp		correct	5778					correct	5834					correct	5507					complete
language-feature/dynamic-dispatch/ptr-to-interface-param.slang#cuda-1	language-feature/dynamic-dispatch/ptr-to-interface-param.slang	cuda_sm_7_0	False	mvp		correct	5736					correct	5774					correct	5921					complete
language-feature/dynamic-dispatch/return-interface-from-dispatch.slang#cuda-1	language-feature/dynamic-dispatch/return-interface-from-dispatch.slang	cuda_sm_7_0	False	mvp		correct	5680					correct	5687					correct	6013					complete
language-feature/dynamic-dispatch/return-interface-tuple-limitation.slang#cuda-1	language-feature/dynamic-dispatch/return-interface-tuple-limitation.slang	cuda_sm_7_0	False	mvp		correct	5822					correct	5548					correct	5920					complete
language-feature/dynamic-dispatch/rwstructuredbuffer-interface-readwrite.slang#cuda-1	language-feature/dynamic-dispatch/rwstructuredbuffer-interface-readwrite.slang	cuda_sm_7_0	False	mvp		correct	5847					correct	5699					correct	5483					complete
language-feature/dynamic-dispatch/special-members-dispatch.slang#cuda-1	language-feature/dynamic-dispatch/special-members-dispatch.slang	cuda_sm_7_0	False	mvp		correct	5728					correct	5779					correct	5911					complete
language-feature/dynamic-dispatch/special-members-generic-subscript.slang#cuda-1	language-feature/dynamic-dispatch/special-members-generic-subscript.slang	cuda_sm_7_0	False	mvp		correct	5665					correct	6279					correct	5884					complete
language-feature/dynamic-dispatch/special-members-setter.slang#cuda-1	language-feature/dynamic-dispatch/special-members-setter.slang	cuda_sm_7_0	False	mvp		correct	5898					correct	5782					correct	5800					complete
language-feature/dynamic-dispatch/stateless-dynamic-object.slang#cuda-1	language-feature/dynamic-dispatch/stateless-dynamic-object.slang	cuda_sm_7_0	False	mvp		correct	5822					correct	5692					correct	5426					complete
language-feature/dynamic-dispatch/static-method-dispatch.slang#cuda-1	language-feature/dynamic-dispatch/static-method-dispatch.slang	cuda_sm_7_0	False	mvp		correct	5813					correct	5577					correct	5742					complete
language-feature/dynamic-dispatch/structuredbuffer-interface-read.slang#cuda-1	language-feature/dynamic-dispatch/structuredbuffer-interface-read.slang	cuda_sm_7_0	False	mvp		correct	5508					correct	5642					correct	6308					complete
language-feature/dynamic-dispatch/tagged-union-lowering-runtime.slang#cuda-1	language-feature/dynamic-dispatch/tagged-union-lowering-runtime.slang	cuda_sm_7_0	False	mvp		correct	5589					correct	5648					correct	5851					complete
language-feature/dynamic-dispatch/this-return-chained.slang#cuda-1	language-feature/dynamic-dispatch/this-return-chained.slang	cuda_sm_7_0	False	mvp		correct	5755					correct	5786					correct	6562					complete
language-feature/execution-model/atomic-interlocked-functional.slang#cuda-1	language-feature/execution-model/atomic-interlocked-functional.slang	cuda_sm_7_0	False	mvp		correct	5692					correct	5811					correct	5648					complete
language-feature/execution-model/compute-numthreads-functional.slang#cuda-1	language-feature/execution-model/compute-numthreads-functional.slang	cuda_sm_7_0	False	mvp		correct	5774					correct	5719					correct	5804					complete
language-feature/execution-model/compute-system-values-comprehensive.slang#cuda-1	language-feature/execution-model/compute-system-values-comprehensive.slang	cuda_sm_7_0	False	mvp		correct	5789					correct	5850					correct	5784					complete
language-feature/execution-model/early-return-wave-op-functional.slang#cuda-1	language-feature/execution-model/early-return-wave-op-functional.slang	cuda_sm_7_0	False	mvp		correct	5803					correct	5902					correct	5617					complete
language-feature/execution-model/generic-entry-point.slang#cuda-1	language-feature/execution-model/generic-entry-point.slang	cuda_sm_7_0	False	mvp		correct	5710					correct	5648					correct	5716					complete
language-feature/execution-model/groupshared-barrier-functional.slang#cuda-1	language-feature/execution-model/groupshared-barrier-functional.slang	cuda_sm_7_0	False	mvp		correct	5569					correct	5644					correct	5842					complete
language-feature/execution-model/groupshared-multi-barrier-functional.slang#cuda-1	language-feature/execution-model/groupshared-multi-barrier-functional.slang	cuda_sm_7_0	False	mvp		correct	5579					correct	5637					correct	5824					complete
language-feature/execution-model/loop-break-wave-op-functional.slang#cuda-1	language-feature/execution-model/loop-break-wave-op-functional.slang	cuda_sm_7_0	False	mvp		correct	5645					correct	5757					correct	5570					complete
language-feature/execution-model/loop-divergence-reconvergence-functional.slang#cuda-1	language-feature/execution-model/loop-divergence-reconvergence-functional.slang	cuda_sm_7_0	False	mvp		correct	5795					correct	5809					correct	5757					complete
language-feature/execution-model/multi-wave-thread-group-functional.slang#cuda-1	language-feature/execution-model/multi-wave-thread-group-functional.slang	cuda_sm_7_0	False	mvp		correct	5733					correct	5588					correct	5881					complete
language-feature/execution-model/nested-divergence-functional.slang#cuda-1	language-feature/execution-model/nested-divergence-functional.slang	cuda_sm_7_0	False	mvp		correct	5899					correct	5700					correct	5910					complete
language-feature/execution-model/numthreads-3d-linearization.slang#cuda-1	language-feature/execution-model/numthreads-3d-linearization.slang	cuda_sm_7_0	False	mvp		correct	5812					correct	5830					correct	5670					complete
language-feature/execution-model/wave-active-all-any-functional.slang#cuda-1	language-feature/execution-model/wave-active-all-any-functional.slang	cuda_sm_7_0	False	mvp		correct	5816					correct	5790					correct	5642					complete
language-feature/execution-model/wave-ballot-verify-functional.slang#cuda-1	language-feature/execution-model/wave-ballot-verify-functional.slang	cuda_sm_7_0	False	mvp		correct	5633					correct	5679					correct	5826					complete
language-feature/execution-model/wave-divergent-if-functional.slang#cuda-1	language-feature/execution-model/wave-divergent-if-functional.slang	cuda_sm_7_0	False	mvp		correct	5606					correct	5547					correct	5717					complete
language-feature/execution-model/wave-switch-divergence-functional.slang#cuda-1	language-feature/execution-model/wave-switch-divergence-functional.slang	cuda_sm_7_0	False	mvp		correct	5571					correct	5560					correct	5554					complete
language-feature/generics/variadic-type-pack-expand-tuple.slang#cuda-1	language-feature/generics/variadic-type-pack-expand-tuple.slang	cuda_sm_7_0	False	mvp		correct	5899					correct	5735					correct	5625					complete
language-feature/if-let/if-let-1.slang#cuda-1	language-feature/if-let/if-let-1.slang	cuda_sm_7_0	False	mvp		correct	5743					correct	5588					correct	5763					complete
language-feature/if-let/if-let-less-than.slang#cuda-1	language-feature/if-let/if-let-less-than.slang	cuda_sm_7_0	False	mvp		correct	5667					correct	5737					correct	5768					complete
language-feature/if-let/if-let.slang#cuda-1	language-feature/if-let/if-let.slang	cuda_sm_7_0	False	mvp		correct	5788					correct	5690					correct	5671					complete
language-feature/operator-overload/builtin-operator-fastpath-bool.slang#cuda-1	language-feature/operator-overload/builtin-operator-fastpath-bool.slang	cuda_sm_7_0	True	mvp		correct	5848					correct	5806					correct	5565					complete
language-feature/operator-overload/builtin-operator-fastpath-float.slang#cuda-1	language-feature/operator-overload/builtin-operator-fastpath-float.slang	cuda_sm_7_0	True	mvp		correct	5799					correct	5732					correct	5804					complete
language-feature/operator-overload/builtin-operator-fastpath-uint.slang#cuda-1	language-feature/operator-overload/builtin-operator-fastpath-uint.slang	cuda_sm_7_0	True	mvp		correct	5582					correct	5698					correct	5680					complete
language-feature/operator-overload/builtin-operator-fastpath.slang#cuda-1	language-feature/operator-overload/builtin-operator-fastpath.slang	cuda_sm_7_0	True	mvp		correct	5587					correct	5621					correct	5581					complete
language-feature/optional-descriptor-handle.slang#cuda-1	language-feature/optional-descriptor-handle.slang	cuda_sm_7_0	False	mvp		correct	5799					correct	5653					correct	5555					complete
language-feature/pointer/const-ref.slang#cuda-1	language-feature/pointer/const-ref.slang	cuda_sm_7_0	False	mvp		correct	5782					correct	5721					correct	5693					complete
language-feature/pointer/ptr-to-groupshared-1.slang#cuda-1	language-feature/pointer/ptr-to-groupshared-1.slang	cuda_sm_7_0	False	mvp		correct	5584					correct	5672					correct	5867					complete
language-feature/scalar-ternary-op-short-and-non-short-circuit.slang#cuda-1	language-feature/scalar-ternary-op-short-and-non-short-circuit.slang	cuda_sm_7_0	False	mvp		correct	5741					correct	5712					correct	5748					complete
language-feature/shader-params/entry-point-uniform-params.slang#cuda-1	language-feature/shader-params/entry-point-uniform-params.slang	cuda_sm_7_0	False	mvp		correct	5740					correct	5817					correct	5485					complete
language-feature/system-value-extraction.slang#cuda-1	language-feature/system-value-extraction.slang	cuda_sm_7_0	False	mvp		correct	5757					correct	5887					correct	5744					complete
metal/atomic-byteaddressbuffer.slang#cuda-1	metal/atomic-byteaddressbuffer.slang	cuda_sm_7_0	False	mvp		correct	5694					correct	5688					correct	5803					complete
metal/metal-pointer-uniform.slang#cuda-1	metal/metal-pointer-uniform.slang	cuda_sm_7_0	False	mvp		correct	5685					correct	5674					correct	5669					complete
slang-extension/atomic-float-byte-address-buffer.slang#cuda-1	slang-extension/atomic-float-byte-address-buffer.slang	cuda_sm_7_0	False	mvp		correct	5708					correct	5657					correct	5467					complete
slang-extension/atomic-int64-byte-address-buffer.slang#cuda-1	slang-extension/atomic-int64-byte-address-buffer.slang	cuda_sm_7_0	False	mvp		correct	5660					correct	5571					correct	5600					complete
slang-extension/cas-int64-byte-address-buffer.slang#cuda-1	slang-extension/cas-int64-byte-address-buffer.slang	cuda_sm_7_0	False	mvp		correct	5567					correct	5444					correct	5614					complete
slang-extension/exchange-int64-byte-address-buffer.slang#cuda-1	slang-extension/exchange-int64-byte-address-buffer.slang	cuda_sm_7_0	False	mvp		correct	5498					correct	5527					correct	5583					complete
slang-extension/realtime-clock.slang#cuda-1	slang-extension/realtime-clock.slang	cuda_sm_7_0	False	extension	device clock/syscall operation outside the initial MVP	correct	5458					preflight	5291	GenericAsm	generic-asm-device-clock	StmtLoweringVisitor::visitIntrinsicAsmStmt -> IRGenericAsm; _validateNVVMFunction semantic resolution	direct NVVM lowering does not support Slang IR instruction or shape 'GenericAsm assembly=clock, signature=uint()'	preflight	5186	GenericAsm	generic-asm-device-clock	StmtLoweringVisitor::visitIntrinsicAsmStmt -> IRGenericAsm; _validateNVVMFunction semantic resolution	direct NVVM lowering does not support Slang IR instruction or shape 'GenericAsm assembly=clock, signature=uint()'	complete
spirv/int-cast-unsigned-to-signed.slang#cuda-1	spirv/int-cast-unsigned-to-signed.slang	cuda_sm_7_0	False	mvp		correct	5410					correct	5370					correct	5271					complete
