id	source	selection_tags	selection_rationale	native_reference_healthy	nvrtc-o3_classification	nvrtc-o3_elapsed_ms	nvrtc-o3_exact_shape	nvrtc-o3_cluster	nvrtc-o3_producer	nvrtc-o3_diagnostic	nvrtc-o3_log	nvvm-o0_classification	nvvm-o0_elapsed_ms	nvvm-o0_exact_shape	nvvm-o0_cluster	nvvm-o0_producer	nvvm-o0_diagnostic	nvvm-o0_log	nvvm-o3_classification	nvvm-o3_elapsed_ms	nvvm-o3_exact_shape	nvvm-o3_cluster	nvvm-o3_producer	nvvm-o3_diagnostic	nvvm-o3_log
bindings/nested-parameter-block-2.slang#discovery-1	bindings/nested-parameter-block-2.slang	parameter-layout,aggregate-pointer	Nested parameter blocks and aggregate transport.	true	correct	6804					build/nvvm-discovery/slice180/logs/nvrtc-o3/2fc7cff967ac0d60bfae45cef178bc17be5e008f.log	correct	6808					build/nvvm-discovery/slice180/logs/nvvm-o0/20bc6cd86988bc131eebaa408a60073a77fd751a.log	correct	6256					build/nvvm-discovery/slice180/logs/nvvm-o3/b40a210ae0b28ae19a9b5316f8041c211a89792a.log
bindings/nested-parameter-block-3.slang#discovery-1	bindings/nested-parameter-block-3.slang	parameter-layout,aggregate-pointer	Deeper nested parameter-block layout.	true	correct	6457					build/nvvm-discovery/slice180/logs/nvrtc-o3/724094caffd2d352643881f7fd6cf4b5ae874567.log	correct	6373					build/nvvm-discovery/slice180/logs/nvvm-o0/ff370db0d2c9a38797cc29ca5ba54314154ef084.log	correct	6408					build/nvvm-discovery/slice180/logs/nvvm-o3/f77a65fa1baf2d890ee1fb200b09b271321788f0.log
bugs/addr-scope-fix.slang#discovery-1	bugs/addr-scope-fix.slang	shared-barrier,aggregate-pointer	Address scopes and groupshared lifetime.	true	correct	5625					build/nvvm-discovery/slice180/logs/nvrtc-o3/f2a394c20370d1ac6b2e4640a8baf09f80da39ca.log	correct	5394					build/nvvm-discovery/slice180/logs/nvvm-o0/ef961d42cfc69e1edefb2440f11fe613bc5b84c6.log	correct	5492					build/nvvm-discovery/slice180/logs/nvvm-o3/19203361618e36a1090b36b3384d07ad7ac0fc87.log
bugs/array-of-array-in-sb.slang#discovery-1	bugs/array-of-array-in-sb.slang	aggregate-pointer,mixed-resources	Nested arrays in structured-buffer storage.	true	correct	5777					build/nvvm-discovery/slice180/logs/nvrtc-o3/21dac6acc3bc0ae5a99e044fc821a17dc01b6c9e.log	correct	5506					build/nvvm-discovery/slice180/logs/nvvm-o0/16d5f4310ca66fafd37f5e034817f0e2a35ef468.log	correct	5489					build/nvvm-discovery/slice180/logs/nvvm-o3/b13e01cc1a9d433537ac26810d4bcaecc2ab0175.log
bugs/array-size-groupshared.slang#discovery-1	bugs/array-size-groupshared.slang	shared-barrier,helper-generic,control-flow	Generic array sizing in groupshared storage.	true	correct	5731					build/nvvm-discovery/slice180/logs/nvrtc-o3/95a54410e4256295b66eb715fe97a9085cda17b0.log	correct	5671					build/nvvm-discovery/slice180/logs/nvvm-o0/d0d524909bfad3ada9e9eedc056037ff38033768.log	correct	5498					build/nvvm-discovery/slice180/logs/nvvm-o3/45c0bdacff07f1607cce09ffb05002244a12fbbe.log
bugs/atomic-coerce.slang#discovery-1	bugs/atomic-coerce.slang	atomic-wave,mixed-resources	Atomic operand coercion on a buffer.	true	correct	5489					build/nvvm-discovery/slice180/logs/nvrtc-o3/6c85d4da03ca74117d62b46a5a559a2608573d00.log	correct	5527					build/nvvm-discovery/slice180/logs/nvvm-o0/2b04d409cd36c9258e66bf5a386e86c39d749d52.log	correct	5450					build/nvvm-discovery/slice180/logs/nvvm-o3/8f18f0a681fb944b1fd109aa2179dfd6f23831c0.log
bugs/byte-address-buffer-interlocked-add-f32.slang#discovery-1	bugs/byte-address-buffer-interlocked-add-f32.slang	atomic-wave,mixed-resources	Floating atomic on byte-address storage.	true	correct	5690					build/nvvm-discovery/slice180/logs/nvrtc-o3/3dec1828c77ee5b6139f6bbadd2d82d6b7e2ca46.log	correct	5690					build/nvvm-discovery/slice180/logs/nvvm-o0/4fbf2e103ab0bd89778f8006f38c64f47af3a480.log	correct	5485					build/nvvm-discovery/slice180/logs/nvvm-o3/60227c8219eb2fc87102451e679406caf3802407.log
bugs/empty-struct-parameter-block.slang#discovery-1	bugs/empty-struct-parameter-block.slang	parameter-layout,aggregate-pointer,large	Empty aggregate inside a parameter-block layout.	true	correct	6469					build/nvvm-discovery/slice180/logs/nvrtc-o3/461a92a7349c7aaaa2a1f73fbde35cc06789c809.log	correct	5944					build/nvvm-discovery/slice180/logs/nvvm-o0/2166ce0083e3a4828dd80d1b272b90e53e951b39.log	correct	6140					build/nvvm-discovery/slice180/logs/nvvm-o3/f43510bae2e5600f5e4cf7605bb1c1805dacfc20.log
bugs/force-inline-array.slang#discovery-1	bugs/force-inline-array.slang	aggregate-pointer,control-flow	Forced-inline array transport through control flow.	true	correct	5642					build/nvvm-discovery/slice180/logs/nvrtc-o3/7ccaf9aee35f7765f5e9412a64df24db85c22160.log	correct	5593					build/nvvm-discovery/slice180/logs/nvvm-o0/02a225041bf96723daeaf858e4b5936f14e43f01.log	correct	5561					build/nvvm-discovery/slice180/logs/nvvm-o3/e042e7e7df26b09acb009db6fb49e5d227b3f6f1.log
bugs/generic-default-matrix.slang#discovery-1	bugs/generic-default-matrix.slang	matrix-layout,helper-generic	Generic default matrix transport.	true	correct	5617					build/nvvm-discovery/slice180/logs/nvrtc-o3/9c84cc797fba689fea0f6f08062351078d600d6b.log	correct	5278					build/nvvm-discovery/slice180/logs/nvvm-o0/16075350a4697c07d23fbc7387df14dff575b70f.log	correct	5509					build/nvvm-discovery/slice180/logs/nvvm-o3/ce272eef444f36e7ec08c5575dd7611fe968a431.log
bugs/generic-groupshared.slang#discovery-1	bugs/generic-groupshared.slang	shared-barrier,helper-generic	Generic values in groupshared storage.	true	correct	5709					build/nvvm-discovery/slice180/logs/nvrtc-o3/19699c5bea21452b82a248c0c4783a5230dd257d.log	correct	5618					build/nvvm-discovery/slice180/logs/nvvm-o0/0e2dfc883dcd3ccc1f896c19ec41c59ee5349847.log	correct	5599					build/nvvm-discovery/slice180/logs/nvvm-o3/6d68ffadf966a2fc01718058695631b0480501ba.log
bugs/gh-6657-bindless-uniform.slang#discovery-1	bugs/gh-6657-bindless-uniform.slang	parameter-layout,mixed-resources,aggregate-pointer	Bindless-style uniform/resource combination.	true	correct	6709					build/nvvm-discovery/slice180/logs/nvrtc-o3/667f6c140de5977b43a5a94304d08084c3a9f9d2.log	correct	5995					build/nvvm-discovery/slice180/logs/nvvm-o0/fce6233e4d857cfc9246de1eec4b9b63f4dfd630.log	correct	6008					build/nvvm-discovery/slice180/logs/nvvm-o3/0bf4ef36f9d6219ee6a971adc2872adf11870e38.log
bugs/gh-6657-nonbindless-uniform.slang#discovery-1	bugs/gh-6657-nonbindless-uniform.slang	parameter-layout,mixed-resources,aggregate-pointer	Non-bindless comparison for the same layout family.	false	infrastructure	6298	target capability requirement	infrastructure-cuda-capability	entry-point target-requirement checking -> E36107	E36107: target capability requirements make the entry point unavailable to CUDA	build/nvvm-discovery/slice180/logs/nvrtc-o3/bfa7b7d9fdd3b5225f860a70f97588d47e287633.log	infrastructure	5943	target capability requirement	infrastructure-cuda-capability	entry-point target-requirement checking -> E36107	E36107: target capability requirements make the entry point unavailable to CUDA	build/nvvm-discovery/slice180/logs/nvvm-o0/17af9ea1fc1f2359c61d8f53c898bbeb58b48c92.log	infrastructure	6022	target capability requirement	infrastructure-cuda-capability	entry-point target-requirement checking -> E36107	E36107: target capability requirements make the entry point unavailable to CUDA	build/nvvm-discovery/slice180/logs/nvvm-o3/9651719bf3aa61fdbb5243049e2fd25029b0bae3.log
bugs/gh-7748-switch-continue-bug.slang#discovery-1	bugs/gh-7748-switch-continue-bug.slang	control-flow	Switch/continue regression workload.	true	correct	5300					build/nvvm-discovery/slice180/logs/nvrtc-o3/419fa6dc57204a2998d06f23a03d12de4a0b0ad0.log	correct	5213					build/nvvm-discovery/slice180/logs/nvvm-o0/e160cf5a4607907a4d67cea3f7a9aab32544de7c.log	correct	5130					build/nvvm-discovery/slice180/logs/nvvm-o3/143a16bbc17212f3177cdd3de678f635326c63c1.log
bugs/matrix-divided-by-scalar.slang#discovery-1	bugs/matrix-divided-by-scalar.slang	matrix-layout	Ordinary non-square matrix arithmetic.	true	correct	5586					build/nvvm-discovery/slice180/logs/nvrtc-o3/493bde516cfc57a17c4160be8c94c8b70dc8824a.log	correct	5435					build/nvvm-discovery/slice180/logs/nvvm-o0/c74a30cfe4de7ee0d6479c4b9719442a895e0df7.log	correct	5320					build/nvvm-discovery/slice180/logs/nvvm-o3/2cd4141ad68d4d2642cfa9e77cae7d0effef706a.log
bugs/mutating/mutating-call-in-loop-dce.slang#discovery-1	bugs/mutating/mutating-call-in-loop-dce.slang	control-flow,helper-generic	Mutating helper calls retained through loop DCE.	true	correct	5498					build/nvvm-discovery/slice180/logs/nvrtc-o3/3cd6faa22a30a339b55a7eb3e7ef7e0977491395.log	correct	5364					build/nvvm-discovery/slice180/logs/nvvm-o0/3ecec3c4bba5b7c5561549d4cc5d0789b8017fad.log	correct	5370					build/nvvm-discovery/slice180/logs/nvvm-o3/8dbafb64304b41df58b97fdd4e375c9e1f5f9223.log
bugs/nested-switch-continue-in-loop.slang#discovery-1	bugs/nested-switch-continue-in-loop.slang	control-flow	Nested switch and continue interaction.	true	correct	5523					build/nvvm-discovery/slice180/logs/nvrtc-o3/3643de39950d1bb3685ddcf4b9799dc6a0d2d56e.log	correct	5496					build/nvvm-discovery/slice180/logs/nvvm-o0/7afb13b092ed089367858bdcc847c22c694634c1.log	correct	5307					build/nvvm-discovery/slice180/logs/nvvm-o3/a5db786bb406ae4993bf943707a8e0410f6689a8.log
bugs/op-assignment-unify-mat.slang#discovery-1	bugs/op-assignment-unify-mat.slang	matrix-layout,helper-generic	Matrix compound assignment and overload unification.	true	correct	5623					build/nvvm-discovery/slice180/logs/nvrtc-o3/ca302b463cd41e55709b252760bfe49493f5ea6d.log	correct	5567					build/nvvm-discovery/slice180/logs/nvvm-o0/875d3c3a7f992d5e10549fab56e95f24b9d0405a.log	correct	5389					build/nvvm-discovery/slice180/logs/nvvm-o3/8b731374e7915abf7cd2180bc698f5b9db730615.log
bugs/parameter-block-load.slang#discovery-1	bugs/parameter-block-load.slang	parameter-layout,mixed-resources	Parameter-block resource loading.	true	correct	6482					build/nvvm-discovery/slice180/logs/nvrtc-o3/e6d56624b8c1d60d0ec8be09c25b1150ca77b950.log	correct	6087					build/nvvm-discovery/slice180/logs/nvvm-o0/491d5b8cd183901e41a753e9ee2264e4fd4ab338.log	correct	6035					build/nvvm-discovery/slice180/logs/nvvm-o3/4cdcc4bc1d3eaf1ae7f977ed2d112028c0a8da32.log
bugs/type-legalize-bug-1.slang#discovery-1	bugs/type-legalize-bug-1.slang	parameter-layout,helper-generic	Type legalization across parameter and helper boundaries.	true	correct	5828					build/nvvm-discovery/slice180/logs/nvrtc-o3/26962b5691ba911c2eaada1828c6ca8d12c742e1.log	correct	5680					build/nvvm-discovery/slice180/logs/nvvm-o0/61193e6cc3a512b5c8428f2ca20882139fd0854d.log	correct	5837					build/nvvm-discovery/slice180/logs/nvvm-o3/222457432328f95cb69530cbaf9572ddeea792dd.log
compute/atomics-buffer.slang#discovery-1	compute/atomics-buffer.slang	atomic-wave,mixed-resources	Buffer atomics combined with resource access.	false	infrastructure	5422	target capability requirement	infrastructure-cuda-capability	entry-point target-requirement checking -> E36107	E36107: target capability requirements make the entry point unavailable to CUDA	build/nvvm-discovery/slice180/logs/nvrtc-o3/4abc646b2048fd0b199f5c26f74bbd908abc2359.log	infrastructure	5510	target capability requirement	infrastructure-cuda-capability	entry-point target-requirement checking -> E36107	E36107: target capability requirements make the entry point unavailable to CUDA	build/nvvm-discovery/slice180/logs/nvvm-o0/256ff67758a78c5c2f3952768b31c8cae49b38db.log	infrastructure	6293	target capability requirement	infrastructure-cuda-capability	entry-point target-requirement checking -> E36107	E36107: target capability requirements make the entry point unavailable to CUDA	build/nvvm-discovery/slice180/logs/nvvm-o3/23cffb7beff70c7007f7faf7a0202657a8804015.log
compute/buffer-type-splitting.slang#discovery-1	compute/buffer-type-splitting.slang	mixed-resources,aggregate-pointer	Buffer type splitting and aggregate storage.	true	correct	7098					build/nvvm-discovery/slice180/logs/nvrtc-o3/327a27a1fcc8852b34ab09711d9eec1e752d9ced.log	correct	6502					build/nvvm-discovery/slice180/logs/nvvm-o0/f0c7664933a8bada31dcea8c3f83295457e12deb.log	correct	6877					build/nvvm-discovery/slice180/logs/nvvm-o3/2caacb5214a47308f20211772f72f51503a4e82c.log
compute/cbuffer-legalize.slang#discovery-1	compute/cbuffer-legalize.slang	parameter-layout,mixed-resources	Constant-buffer legalization with resource output.	true	correct	6630					build/nvvm-discovery/slice180/logs/nvrtc-o3/2f9f4d8ac1ebe1ae630c3e21d373bea273592f58.log	correct	6140					build/nvvm-discovery/slice180/logs/nvvm-o0/ef727840657e16b2f2ab6a68b209706336067da4.log	correct	6962					build/nvvm-discovery/slice180/logs/nvvm-o3/bbeaa43eaac729e657025e9fe21cb658fbce4ca8.log
compute/conditional-link-time-const.slang#discovery-1	compute/conditional-link-time-const.slang	control-flow,helper-generic	Link-time constants controlling helper branches.	true	correct	5238					build/nvvm-discovery/slice180/logs/nvrtc-o3/254bf38debddf4a22b53b54754022df7ef623dbb.log	correct	5057					build/nvvm-discovery/slice180/logs/nvvm-o0/f4c07318dcd373cbe8ab854138447ee026b6daaa.log	correct	5130					build/nvvm-discovery/slice180/logs/nvvm-o3/884a42c4a2e8049c9576cb83db4c644e2d7f0355.log
compute/constexpr.slang#discovery-1	compute/constexpr.slang	parameter-layout,mixed-resources,large	Large constexpr and constant-buffer combination.	false	infrastructure	6636	target capability requirement	infrastructure-cuda-capability	entry-point target-requirement checking -> E36107	E36107: target capability requirements make the entry point unavailable to CUDA	build/nvvm-discovery/slice180/logs/nvrtc-o3/2be305e1c2b1860fde73f53aa44ed559034cc431.log	infrastructure	6474	target capability requirement	infrastructure-cuda-capability	entry-point target-requirement checking -> E36107	E36107: target capability requirements make the entry point unavailable to CUDA	build/nvvm-discovery/slice180/logs/nvvm-o0/5e4b9fa17552a241be6df7bf7535ae302b03cd5c.log	infrastructure	6446	target capability requirement	infrastructure-cuda-capability	entry-point target-requirement checking -> E36107	E36107: target capability requirements make the entry point unavailable to CUDA	build/nvvm-discovery/slice180/logs/nvvm-o3/1a9b5ae2457576a949fd5877e8f6980fedff5507.log
compute/func-cbuffer-param.slang#discovery-1	compute/func-cbuffer-param.slang	parameter-layout,helper-generic	Constant-buffer values crossing helper calls.	true	correct	7062					build/nvvm-discovery/slice180/logs/nvrtc-o3/cea17020eab7db73b417c82bc8ca2bdbea2426ba.log	correct	6765					build/nvvm-discovery/slice180/logs/nvvm-o0/ce8e7b54bf2321e298fdd04ee267a28b4dc416c7.log	correct	6666					build/nvvm-discovery/slice180/logs/nvvm-o3/e2681d15b3eeb4f46d60636c5d600368f0b9350e.log
compute/generic-diamond-pattern-2.slang#discovery-1	compute/generic-diamond-pattern-2.slang	helper-generic,large	Larger diamond-shaped generic call graph.	true	correct	6297					build/nvvm-discovery/slice180/logs/nvrtc-o3/c01f74277e30419c37b79a59ea7d0f7fbe8f8231.log	correct	5898					build/nvvm-discovery/slice180/logs/nvvm-o0/d369973fdff06d4d9b2bea91ff97c24f2c99faa4.log	correct	5972					build/nvvm-discovery/slice180/logs/nvvm-o3/ac12d7f7436668a687f8ec1b33957b01c338d536.log
compute/generic-interface-method.slang#discovery-1	compute/generic-interface-method.slang	helper-generic,large	Generic interface method helper graph.	true	correct	6195					build/nvvm-discovery/slice180/logs/nvrtc-o3/5c689d02bb89e8dad9b23e927119ee5a83ec8212.log	correct	5952					build/nvvm-discovery/slice180/logs/nvvm-o0/d8859622e7675c64e0b05a3c5ccf62ee36dcd4f9.log	correct	5957					build/nvvm-discovery/slice180/logs/nvvm-o3/97a2f52c6d19a06bde32bb4ee447b3b006a09563.log
compute/generics-constrained.slang#discovery-1	compute/generics-constrained.slang	helper-generic	Constrained generic specialization and calls.	true	correct	6249					build/nvvm-discovery/slice180/logs/nvrtc-o3/f51b23ecadbe18676c19ab37b8de1514ab27badc.log	correct	5739					build/nvvm-discovery/slice180/logs/nvvm-o0/9b168d0fa89ff6e9b36743598cbbff3b10dc7c82.log	correct	5809					build/nvvm-discovery/slice180/logs/nvvm-o3/a1b1edcf63b315da47f05dd2a923224dd7c203b5.log
compute/inout.slang#discovery-1	compute/inout.slang	aggregate-pointer,helper-generic	Inout value crossing helper calls.	true	correct	5616					build/nvvm-discovery/slice180/logs/nvrtc-o3/2c6ecad3128012845ab99111411920116897b808.log	correct	5631					build/nvvm-discovery/slice180/logs/nvvm-o0/549c80e94eb86211a96e661bf5cbd3de129d4188.log	correct	5603					build/nvvm-discovery/slice180/logs/nvvm-o3/2c64140102543928672d8218745cc91fe550783b.log
compute/interface-shader-param.slang#discovery-1	compute/interface-shader-param.slang	helper-generic,mixed-resources,large	Interface shader parameter with resource use.	true	correct	5410					build/nvvm-discovery/slice180/logs/nvrtc-o3/1d0783d4df5554d25f0eefe95879add90f34207f.log	correct	5480					build/nvvm-discovery/slice180/logs/nvvm-o0/afd83ca328870dd63cd44e8f5a886a10c8e088fc.log	correct	5266					build/nvvm-discovery/slice180/logs/nvvm-o3/84eafeacf780517e4e511e21a639e6f2b9c256e7.log
compute/multi-interface.slang#discovery-1	compute/multi-interface.slang	helper-generic	Multiple interface conformances in one kernel.	true	correct	5455					build/nvvm-discovery/slice180/logs/nvrtc-o3/4391bc48253020932f9d1bb8a61a50277a44167b.log	correct	5502					build/nvvm-discovery/slice180/logs/nvvm-o0/25c778fc920947fcd5bf7ca8b1479e2dfea475d1.log	correct	5431					build/nvvm-discovery/slice180/logs/nvvm-o3/cc3ba826ee3f308e8e7380724b41b0ae5a77c83c.log
compute/multiple-continue-sites.slang#discovery-1	compute/multiple-continue-sites.slang	control-flow	Multiple continue edges in one kernel.	true	correct	5616					build/nvvm-discovery/slice180/logs/nvrtc-o3/6f7c3cafa7c92a573d909a5b19a08cf1d9c083f3.log	correct	5460					build/nvvm-discovery/slice180/logs/nvvm-o0/7f6bd28f0f315e2b243779cb83a45e1452d961ba.log	correct	5471					build/nvvm-discovery/slice180/logs/nvvm-o3/32c59a3726ea9b0a625c668a53397f31a9ea3505.log
compute/nested-generics2.slang#discovery-1	compute/nested-generics2.slang	helper-generic	Nested generic specialization and helper transport.	true	correct	6184					build/nvvm-discovery/slice180/logs/nvrtc-o3/b9e00aaff04a067f1f2863516cb1b5feeb68530e.log	correct	5826					build/nvvm-discovery/slice180/logs/nvvm-o0/54f541985b1a5d50e7a47ea4c1a66242ce238579.log	correct	5841					build/nvvm-discovery/slice180/logs/nvvm-o3/1146ab7d9a2e6c93d76c220adf571d59c32511c6.log
compute/non-square-column-major.slang#discovery-1	compute/non-square-column-major.slang	matrix-layout,aggregate-pointer	Non-square column-major matrix storage.	false	runtime-mismatch	5639	runtime result buffer (no unsupported canonical IR shape)	runtime-matrix-layout	NVRTC/direct-LLVM PTX execution -> compare-compute result buffer	expected [type: float | 11.000000 | 22.000000], actual [type: float | 11.000000 | 1.000000]	build/nvvm-discovery/slice180/logs/nvrtc-o3/11b1c7864283a74b087ffd33fa490544581b62df.log	runtime-mismatch	5682	runtime result buffer (no unsupported canonical IR shape)	runtime-matrix-layout	NVRTC/direct-LLVM PTX execution -> compare-compute result buffer	expected [type: float | 11.000000 | 22.000000], actual [type: float | 11.000000 | 1.000000]	build/nvvm-discovery/slice180/logs/nvvm-o0/eff8a12373ca097fcd38acc5ba01fa9690766471.log	runtime-mismatch	5629	runtime result buffer (no unsupported canonical IR shape)	runtime-matrix-layout	NVRTC/direct-LLVM PTX execution -> compare-compute result buffer	expected [type: float | 11.000000 | 22.000000], actual [type: float | 11.000000 | 1.000000]	build/nvvm-discovery/slice180/logs/nvvm-o3/86c4e9fce4fb5ffce5829dbd0a70421b8d60ad58.log
compute/pointer-emit.slang#discovery-1	compute/pointer-emit.slang	aggregate-pointer,large	Pointer emission across a larger kernel.	true	correct	5718					build/nvvm-discovery/slice180/logs/nvrtc-o3/2b0db5ca5f67afd148f033815d93f0abde953a20.log	correct	5776					build/nvvm-discovery/slice180/logs/nvvm-o0/643ed3ee4af095aeb6d87dbf1228379d40a9c306.log	correct	5651					build/nvvm-discovery/slice180/logs/nvvm-o3/7b7962f55be22cbbfe5577c7a2c143334e700196.log
compute/ssa-reduce-bug.slang#discovery-1	compute/ssa-reduce-bug.slang	control-flow,aggregate-pointer	SSA reduction with aggregate state.	true	correct	5583					build/nvvm-discovery/slice180/logs/nvrtc-o3/3688637ade1028d30b38798b9c5550c8a49f84f5.log	correct	5399					build/nvvm-discovery/slice180/logs/nvvm-o0/437ef9b49347ff5266464756c1c75ab0dfac91c0.log	correct	5369					build/nvvm-discovery/slice180/logs/nvvm-o3/a630b16d8e854038822475fb4391759707632e95.log
compute/static-const-matrix-array.slang#discovery-1	compute/static-const-matrix-array.slang	matrix-layout,aggregate-pointer	Static constant matrix-array transport.	true	correct	5524					build/nvvm-discovery/slice180/logs/nvrtc-o3/54e7f2606ecb1156ab04cf3a1a41e82f0b4439b2.log	correct	5492					build/nvvm-discovery/slice180/logs/nvvm-o0/c3f649b52c42f22354cfa372daf45ad812ac7415.log	correct	5399					build/nvvm-discovery/slice180/logs/nvvm-o3/12aa30c33101b9464b66e2e12d0b0df3bbc6a345.log
compute/struct-make.slang#discovery-1	compute/struct-make.slang	aggregate-pointer	Aggregate construction and storage.	true	correct	5425					build/nvvm-discovery/slice180/logs/nvrtc-o3/7077af36af9a8b174a4ad68526ff032dfe6b57a8.log	correct	5492					build/nvvm-discovery/slice180/logs/nvvm-o0/8d0fa4bae9ffd41d7dd3c1408853fd69755f1018.log	correct	5435					build/nvvm-discovery/slice180/logs/nvvm-o3/d97680a4f88c70d5f2ee06167f0fdd2da3e0cb89.log
compute/texture-get-dimensions.slang#discovery-1	compute/texture-get-dimensions.slang	mixed-resources,helper-generic	Texture queries across ordinary helper lowering.	false	runtime-mismatch	6691	runtime result buffer (no unsupported canonical IR shape)	runtime-resource-query	NVRTC/direct-LLVM PTX resource execution -> compare-compute result buffer	expected [4C800000 | 4D008000 | 4C008080 | 4D808000 | 4C000080 | 4C808060 | 4D808008 | 3F800000], actual [4C800000 | 4D008000 | 4C008080 | 4D808000 | 4C000000 | 4C808000 | 4D808000 | 3F800000]	build/nvvm-discovery/slice180/logs/nvrtc-o3/8c494e4ea960e132ffff6a29ad2828aa42d4eca4.log	preflight	7320	"GenericAsm assembly={uint32_t width; asm(""txq.width.b32 %0, [%1];"" : ""=r""(width) : ""l""($0)); *($2) = width;/* txq.num_mipmap_levels not available in CUDA */ *($3) = 0;}, signature=Void(Texture1D, uint, OutParam<uint>, OutParam<uint>)"	generic-asm-texture-query	CUDA prelude texture dimensions -> StmtLoweringVisitor::visitIntrinsicAsmStmt -> IRGenericAsm; _validateNVVMFunction	"direct NVVM lowering does not support Slang IR instruction or shape 'GenericAsm assembly={uint32_t width; asm(""txq.width.b32 %0, [%1];"" : ""=r""(width) : ""l""($0)); *($2) = width;/* txq.num_mipmap_levels not available in CUDA */ *($3) = 0;}, signature=Void(Texture1D, uint, OutParam<uint>, OutParam<uint>)'"	build/nvvm-discovery/slice180/logs/nvvm-o0/cb9ad0fdc501b8a937c17bd39dcbdccc81cd2b6e.log	preflight	6840	"GenericAsm assembly={uint32_t width; asm(""txq.width.b32 %0, [%1];"" : ""=r""(width) : ""l""($0)); *($2) = width;/* txq.num_mipmap_levels not available in CUDA */ *($3) = 0;}, signature=Void(Texture1D, uint, OutParam<uint>, OutParam<uint>)"	generic-asm-texture-query	CUDA prelude texture dimensions -> StmtLoweringVisitor::visitIntrinsicAsmStmt -> IRGenericAsm; _validateNVVMFunction	"direct NVVM lowering does not support Slang IR instruction or shape 'GenericAsm assembly={uint32_t width; asm(""txq.width.b32 %0, [%1];"" : ""=r""(width) : ""l""($0)); *($2) = width;/* txq.num_mipmap_levels not available in CUDA */ *($3) = 0;}, signature=Void(Texture1D, uint, OutParam<uint>, OutParam<uint>)'"	build/nvvm-discovery/slice180/logs/nvvm-o3/4f6a570174ca985a67b8be9d934a2c7e4b0a303b.log
compute/texture-subscript-multisample.slang#discovery-1	compute/texture-subscript-multisample.slang	mixed-resources	Multisampled texture access and result comparison.	false	infrastructure	6839	NVRTC CUDA C++ compilation	infrastructure-nvrtc-resource-compilation	Slang CUDA C++ resource emission -> NVRTC 12.9	nvrtc 12.9: build/nvvm-discovery/slice180/mirror/compute/nvvm-census-texture-subscript-multisample-a4beb992b6.slang(17): error : this declaration has no storage class or type specifier	build/nvvm-discovery/slice180/logs/nvrtc-o3/be15e8b3d4c153109f34d6110f40510a53614204.log	preflight	6760	struct field address result: Ptr<Texture2DMS, addressSpace=2147483647, access=0, operands=4, layout=ScalarLayout>	aggregate-struct-field-pointer	IRBuilder::emitFieldAddress -> IRFieldAddress; _validateNVVMFunction	direct NVVM lowering does not support Slang IR instruction or shape 'struct field address result: Ptr<Texture2DMS, addressSpace=2147483647, access=0, operands=4, layout=ScalarLayout>'	build/nvvm-discovery/slice180/logs/nvvm-o0/a8d0b64c0ba60f17f020c47a06a06cd1596b78a8.log	preflight	6884	struct field address result: Ptr<Texture2DMS, addressSpace=2147483647, access=0, operands=4, layout=ScalarLayout>	aggregate-struct-field-pointer	IRBuilder::emitFieldAddress -> IRFieldAddress; _validateNVVMFunction	direct NVVM lowering does not support Slang IR instruction or shape 'struct field address result: Ptr<Texture2DMS, addressSpace=2147483647, access=0, operands=4, layout=ScalarLayout>'	build/nvvm-discovery/slice180/logs/nvvm-o3/5c3010140e22c3ee8b120e9f7786e5d70a138c3c.log
ir/loop-dce.slang#discovery-1	ir/loop-dce.slang	control-flow	Loop dead-code elimination and runtime result.	true	correct	5652					build/nvvm-discovery/slice180/logs/nvrtc-o3/2f550d98d2bb03a9b44b6c84309cf212d7f130bc.log	correct	5587					build/nvvm-discovery/slice180/logs/nvvm-o0/e19d685d1b5e09da37acebcf3f63c799ff4b909f.log	correct	5496					build/nvvm-discovery/slice180/logs/nvvm-o3/0fb7a22e417040bbaeac14f4d16ff40c72e38167.log
ir/loop-inversion.slang#discovery-1	ir/loop-inversion.slang	control-flow,large	Large loop inversion workload.	true	correct	5714					build/nvvm-discovery/slice180/logs/nvrtc-o3/6e5c0138cff9c0e2d0674448649b570c6b1e7eb0.log	correct	5537					build/nvvm-discovery/slice180/logs/nvvm-o0/06013e781ba62c2aaa5ca23c6b3dc16b91593b93.log	correct	5465					build/nvvm-discovery/slice180/logs/nvvm-o3/ed663cac9f4fe7962d60514409ae0c5c4287437d.log
ir/loop-unroll-3.slang#discovery-1	ir/loop-unroll-3.slang	control-flow	Loop-unroll interaction with aggregate values.	true	correct	5661					build/nvvm-discovery/slice180/logs/nvrtc-o3/8306178045697864f9ad632305e94de43cd55e51.log	correct	5709					build/nvvm-discovery/slice180/logs/nvvm-o0/e79c5f95db130220bfcacc7a7d42baf13605f735.log	correct	5530					build/nvvm-discovery/slice180/logs/nvvm-o3/a3b17d339179debb8a9f33df30fe6c1a35dabfea.log
ir/loop-unroll-induction.slang#discovery-1	ir/loop-unroll-induction.slang	control-flow	Induction-variable unrolling.	true	correct	5515					build/nvvm-discovery/slice180/logs/nvrtc-o3/d2832ef4e43ef3fc326649f0912b34afc9df6f9c.log	correct	5583					build/nvvm-discovery/slice180/logs/nvvm-o0/5741a19a82dc6771afff0ca407b3d4be1bfda58e.log	correct	5392					build/nvvm-discovery/slice180/logs/nvvm-o3/48918079381f4f7d1c199fe3c120620182b33474.log
ir/loop-unroll-non-induction.slang#discovery-1	ir/loop-unroll-non-induction.slang	control-flow	Non-induction loop-unroll analysis.	true	correct	5724					build/nvvm-discovery/slice180/logs/nvrtc-o3/0ea0381b6b151246ec1cfd25c1350c8538375ab3.log	correct	5790					build/nvvm-discovery/slice180/logs/nvvm-o0/f7efd9900cb3b791d13b7a1cb150d49a290bbd09.log	correct	5555					build/nvvm-discovery/slice180/logs/nvvm-o3/53e8a2a1ced35b6fe333aca4db557dadc188c66f.log
ir/ssa-reg-alloc.slang#discovery-1	ir/ssa-reg-alloc.slang	control-flow	SSA register allocation over loops and joins.	true	correct	5821					build/nvvm-discovery/slice180/logs/nvrtc-o3/6cd02c830fc511c66b29d24a2f8ab40ac502cb43.log	correct	5749					build/nvvm-discovery/slice180/logs/nvvm-o0/ae1f8f6dc8efb6b4a58d1845150f7b8cd37fd7ae.log	correct	5560					build/nvvm-discovery/slice180/logs/nvvm-o3/b3b5c80982d3f7d9dbc699f1ca7856c2408b200b.log
language-feature/anyvalue-matrix-layout.slang#discovery-1	language-feature/anyvalue-matrix-layout.slang	matrix-layout,aggregate-pointer	AnyValue matrix layout preservation.	true	correct	5559					build/nvvm-discovery/slice180/logs/nvrtc-o3/70c42956dba986ec0aa0dca99624c139946dd2fd.log	correct	5553					build/nvvm-discovery/slice180/logs/nvvm-o0/7061b77ac0d35e872196c4ddbf794a18734d70ef.log	correct	5606					build/nvvm-discovery/slice180/logs/nvvm-o3/6041e1d8019bcbc96ff1808db99a753ca276dae7.log
language-feature/dynamic-dispatch/anyvalue-bulk-copy.slang#discovery-1	language-feature/dynamic-dispatch/anyvalue-bulk-copy.slang	helper-generic,aggregate-pointer,matrix-layout,large	Large AnyValue aggregate copy workload.	true	correct	5986					build/nvvm-discovery/slice180/logs/nvrtc-o3/b8226bf7b7683a6788bff47cd235d4b94a0bf7bb.log	correct	6033					build/nvvm-discovery/slice180/logs/nvvm-o0/62dbbf353ee22110168b0aeab2dad7cf4db78d79.log	correct	5795					build/nvvm-discovery/slice180/logs/nvvm-o3/862d0008d75d6fc1505deb13f13c0a8b857a5b97.log
language-feature/dynamic-dispatch/array-of-interfaces-interproc.slang#discovery-1	language-feature/dynamic-dispatch/array-of-interfaces-interproc.slang	helper-generic,aggregate-pointer,large	Interprocedural arrays of interface values.	true	correct	5908					build/nvvm-discovery/slice180/logs/nvrtc-o3/ecba423d0e29891c8a7bfc5e6b54a25ef7c3cb9c.log	correct	5918					build/nvvm-discovery/slice180/logs/nvvm-o0/526ce9aea45c6307c18bd10c67e1257c389fec33.log	correct	5817					build/nvvm-discovery/slice180/logs/nvvm-o3/bc88dee912e44db7129503371fdb3d672c3c2ec6.log
language-feature/dynamic-dispatch/constantbuffer-struct-interface-array.slang#discovery-1	language-feature/dynamic-dispatch/constantbuffer-struct-interface-array.slang	parameter-layout,helper-generic,aggregate-pointer	Array of interface-bearing constant-buffer fields.	true	correct	6476					build/nvvm-discovery/slice180/logs/nvrtc-o3/693340ac4804666ab8fa92068b551f7ee7669b5f.log	correct	5877					build/nvvm-discovery/slice180/logs/nvvm-o0/6da8b4a048a2da4c3abdfc6451e8e0b86905c931.log	correct	6218					build/nvvm-discovery/slice180/logs/nvvm-o3/e18776ea66d91f42e4f175ea75f3ed1a3f7bd367.log
language-feature/dynamic-dispatch/constantbuffer-struct-interface-field.slang#discovery-1	language-feature/dynamic-dispatch/constantbuffer-struct-interface-field.slang	parameter-layout,helper-generic	Interface values nested in a constant buffer.	true	correct	6474					build/nvvm-discovery/slice180/logs/nvrtc-o3/8e0298b24fa30b9090f5f4972be490b49451f0c4.log	correct	6257					build/nvvm-discovery/slice180/logs/nvvm-o0/713bbc6139c39780754533ebaea00b0acc9bb675.log	correct	6261					build/nvvm-discovery/slice180/logs/nvvm-o3/dc71b2f0f9606b195370b1fe22ee248f6031b3bb.log
language-feature/dynamic-dispatch/derived-interface.slang#discovery-1	language-feature/dynamic-dispatch/derived-interface.slang	helper-generic,matrix-layout,control-flow	Derived-interface dispatch with aggregate values.	true	correct	6249					build/nvvm-discovery/slice180/logs/nvrtc-o3/200d08b641d32d876d80b6abf213c38809c18950.log	correct	5953					build/nvvm-discovery/slice180/logs/nvvm-o0/49f4c60ee383888511b6bb4149f2bce627d7afda.log	correct	6008					build/nvvm-discovery/slice180/logs/nvvm-o3/49d4ecf8e011a13a17aea61a17539d826e472fde.log
language-feature/dynamic-dispatch/dispatch-many-conformances.slang#discovery-1	language-feature/dynamic-dispatch/dispatch-many-conformances.slang	helper-generic,control-flow	Dispatch over many conformances.	true	correct	5977					build/nvvm-discovery/slice180/logs/nvrtc-o3/fc329cca3bb533e513d88a7d5eecee0dc618c0b8.log	correct	5892					build/nvvm-discovery/slice180/logs/nvvm-o0/e5c72a318c88a13848d57204d19c59096c4f0223.log	correct	5798					build/nvvm-discovery/slice180/logs/nvvm-o3/7531719d5eae1414bd87cdcfab5beb9500482401.log
language-feature/dynamic-dispatch/dynamic-func-dynamic-output-2.slang#discovery-1	language-feature/dynamic-dispatch/dynamic-func-dynamic-output-2.slang	helper-generic,aggregate-pointer	Dynamic function with aggregate output transport.	true	correct	5989					build/nvvm-discovery/slice180/logs/nvrtc-o3/06b30dc74c63168daf7f81a3d83a8dda14a7531c.log	correct	5873					build/nvvm-discovery/slice180/logs/nvvm-o0/ed68a42bbd7f549dc550bb95032a7a31a08be718.log	correct	5801					build/nvvm-discovery/slice180/logs/nvvm-o3/91d5c73bd782fedff95b26f5cbb1f129707517d1.log
language-feature/dynamic-dispatch/generic-method.slang#discovery-1	language-feature/dynamic-dispatch/generic-method.slang	helper-generic	Generic method through dynamic dispatch.	true	correct	5969					build/nvvm-discovery/slice180/logs/nvrtc-o3/f6503473a016e81641b76491a80c5903628cf7dd.log	correct	5848					build/nvvm-discovery/slice180/logs/nvvm-o0/d25efcce4fb894dd14c3423c442cd63f0c90dd0e.log	correct	6042					build/nvvm-discovery/slice180/logs/nvvm-o3/4466fe93fc86def4b49d7ae43c94af65442a084d.log
language-feature/dynamic-dispatch/many-impls.slang#discovery-1	language-feature/dynamic-dispatch/many-impls.slang	helper-generic,aggregate-pointer,control-flow	Many implementations selected through dynamic dispatch.	true	correct	5712					build/nvvm-discovery/slice180/logs/nvrtc-o3/88af10fef8a57a087b8604ec5bd801c763f2df96.log	correct	5548					build/nvvm-discovery/slice180/logs/nvvm-o0/849f20aea5849d1a26aa40eb598e329f24d4dd1a.log	correct	5511					build/nvvm-discovery/slice180/logs/nvvm-o3/baff452c3fb51ebb6c5b93b864ae9f11d55cf9cc.log
language-feature/dynamic-dispatch/missing-anyvaluesize-mixed-self-ref.slang#discovery-1	language-feature/dynamic-dispatch/missing-anyvaluesize-mixed-self-ref.slang	helper-generic,aggregate-pointer,large	Self-referential mixed AnyValue representation.	true	correct	6038					build/nvvm-discovery/slice180/logs/nvrtc-o3/8db0a0d64383369e99218c09abd5f8c847277f6d.log	correct	5848					build/nvvm-discovery/slice180/logs/nvvm-o0/3d995e9c33cc92afc11d416b8e1711d810b2b013.log	correct	5786					build/nvvm-discovery/slice180/logs/nvvm-o3/41ad8f314f8ba215521b453d52e09d20b432c8be.log
language-feature/dynamic-dispatch/nested-interface-types.slang#discovery-1	language-feature/dynamic-dispatch/nested-interface-types.slang	helper-generic,aggregate-pointer	Nested interface type transport.	true	correct	6135					build/nvvm-discovery/slice180/logs/nvrtc-o3/89f9e76681822df594eaefff9acc551c439e80bf.log	correct	5813					build/nvvm-discovery/slice180/logs/nvvm-o0/aa97fd417e80dcd81d16f923b8894bd6ff6fccdd.log	correct	5967					build/nvvm-discovery/slice180/logs/nvvm-o3/aa9cce66bf85ca17d8f3f769aa0065d596a55c08.log
language-feature/dynamic-dispatch/parameterblock-struct-interface-field.slang#discovery-1	language-feature/dynamic-dispatch/parameterblock-struct-interface-field.slang	parameter-layout,helper-generic	Interface field nested in a parameter block.	true	correct	5656					build/nvvm-discovery/slice180/logs/nvrtc-o3/7194ebb280bf960bbb339b512d24357f644d718b.log	correct	5377					build/nvvm-discovery/slice180/logs/nvvm-o0/d1537d75ae8a037d0f732ea7bcb3282172427535.log	correct	5372					build/nvvm-discovery/slice180/logs/nvvm-o3/a7cd41f2de4e17397e5cd2945b2d8bf0f458dd77.log
language-feature/dynamic-dispatch/ptr-to-interface-double-indirect.slang#discovery-1	language-feature/dynamic-dispatch/ptr-to-interface-double-indirect.slang	helper-generic,aggregate-pointer	Double-indirect pointer to interface storage.	true	correct	5771					build/nvvm-discovery/slice180/logs/nvrtc-o3/c090ea4239e6c3f4cfec65f125c3bbf248273c26.log	correct	5514					build/nvvm-discovery/slice180/logs/nvvm-o0/8988154e2dbaf73906710f1d48eb0b8bfbf38665.log	correct	5578					build/nvvm-discovery/slice180/logs/nvvm-o3/62be2f55a503f681342b2356b1cde9bb60d4d9ca.log
language-feature/dynamic-dispatch/with-data.slang#discovery-1	language-feature/dynamic-dispatch/with-data.slang	helper-generic,aggregate-pointer	Interface payload data and helper calls.	true	correct	5642					build/nvvm-discovery/slice180/logs/nvrtc-o3/5769fb2d082dc6dae20d40d38d0d0a5f5f566d2c.log	correct	5341					build/nvvm-discovery/slice180/logs/nvvm-o0/cb7de4c71576922d97cd450dfaa88b6bcf7dc03b.log	correct	5311					build/nvvm-discovery/slice180/logs/nvvm-o3/44fdc28445951a2370103ab8a21515370fbdb28e.log
language-feature/generics/generic-arithmetic-coerce.slang#discovery-1	language-feature/generics/generic-arithmetic-coerce.slang	helper-generic,matrix-layout,large	Large generic arithmetic and matrix coercion graph.	true	correct	5637					build/nvvm-discovery/slice180/logs/nvrtc-o3/38e3c2c00a9566211b1cc932bbae3fc4c9a4797f.log	correct	5492					build/nvvm-discovery/slice180/logs/nvvm-o0/3e62e942e4ad87beb1eec42cc29c118d98d5291d.log	correct	5369					build/nvvm-discovery/slice180/logs/nvvm-o3/978764122ed44164e320653159e1e75792adea32.log
language-feature/generics/generic-interface-linkage.slang#discovery-1	language-feature/generics/generic-interface-linkage.slang	helper-generic,large	Generic interface linkage across helpers.	true	correct	5714					build/nvvm-discovery/slice180/logs/nvrtc-o3/f86a245633da547ef7787c1b0d3f96e60f912e5b.log	correct	5649					build/nvvm-discovery/slice180/logs/nvvm-o0/30ce865487a91abe4eb19dbd686971687de08da2.log	correct	5500					build/nvvm-discovery/slice180/logs/nvvm-o3/1c83823aec1b7fc99fd36e86510d64b9000d3f62.log
language-feature/generics/generic-shader-object-cbuffer.slang#discovery-1	language-feature/generics/generic-shader-object-cbuffer.slang	parameter-layout,helper-generic	Generic shader-object constant-buffer transport.	true	correct	5766					build/nvvm-discovery/slice180/logs/nvrtc-o3/72ff74e3037246ba2fa59fc5840de749b35a1158.log	correct	5670					build/nvvm-discovery/slice180/logs/nvvm-o0/90d7e51fb47f0a302727eb8551ac60a884053f06.log	correct	5705					build/nvvm-discovery/slice180/logs/nvvm-o3/5a212157a7dff727ddcf4c71bb225560283b1c2a.log
language-feature/generics/generic-shader-object-cbuffer2.slang#discovery-1	language-feature/generics/generic-shader-object-cbuffer2.slang	parameter-layout,helper-generic	Second generic constant-buffer specialization shape.	true	correct	6289					build/nvvm-discovery/slice180/logs/nvrtc-o3/f1f0cfe2e9e8f1cdfb1627c091b63fe3f65f8517.log	correct	5677					build/nvvm-discovery/slice180/logs/nvvm-o0/3a9a9dafde9e523541a35ab913eaa982ab4feed2.log	correct	5745					build/nvvm-discovery/slice180/logs/nvvm-o3/f85d9121cdc3b80527d13807cb70ff2f211446a7.log
language-feature/generics/parameter-block-unify.slang#discovery-1	language-feature/generics/parameter-block-unify.slang	parameter-layout,helper-generic	Generic unification across parameter-block values.	true	correct	6016					build/nvvm-discovery/slice180/logs/nvrtc-o3/26c8fd40f5c2882f93d50886cb6f6902995bb383.log	correct	6563					build/nvvm-discovery/slice180/logs/nvvm-o0/57f8f771e3f77772b792b1d1a8c95d9f6dc67156.log	correct	5865					build/nvvm-discovery/slice180/logs/nvvm-o3/b21d122e41cfdffd01101987068e52e12961bda8.log
language-feature/generics/variadic-pack-query-pack-conformance.slang#discovery-1	language-feature/generics/variadic-pack-query-pack-conformance.slang	helper-generic,large	Variadic conformance and pack-query call graph.	true	correct	5792					build/nvvm-discovery/slice180/logs/nvrtc-o3/59202e425d0ae5b076919e83319c13665488dcc7.log	correct	5808					build/nvvm-discovery/slice180/logs/nvvm-o0/255c69801b83f26993bde165bcc7577c8d23fd3d.log	correct	5664					build/nvvm-discovery/slice180/logs/nvvm-o3/ed9d6772915cadd7e17275b80c89889c30741131.log
language-feature/pointer/coherent-load-store-groupshared.slang#discovery-1	language-feature/pointer/coherent-load-store-groupshared.slang	aggregate-pointer,shared-barrier	Coherent operations over groupshared pointers.	false	infrastructure	5580	target capability requirement	infrastructure-cuda-capability	entry-point target-requirement checking -> E36107	E36107: target capability requirements make the entry point unavailable to CUDA	build/nvvm-discovery/slice180/logs/nvrtc-o3/c20187a757678720bf14bb4cc1ff1c4b6c6d1d91.log	infrastructure	5537	target capability requirement	infrastructure-cuda-capability	entry-point target-requirement checking -> E36107	E36107: target capability requirements make the entry point unavailable to CUDA	build/nvvm-discovery/slice180/logs/nvvm-o0/f114ce026511157483fc10ad5ffef6b5227e6f98.log	infrastructure	5562	target capability requirement	infrastructure-cuda-capability	entry-point target-requirement checking -> E36107	E36107: target capability requirements make the entry point unavailable to CUDA	build/nvvm-discovery/slice180/logs/nvvm-o3/a93b28a4e6c04a4f70302a8ef5fa39d75c5b8934.log
language-feature/pointer/coherent-load-store-physical-storage-buffer.slang#discovery-1	language-feature/pointer/coherent-load-store-physical-storage-buffer.slang	aggregate-pointer,mixed-resources	Coherent load/store through device buffer pointers.	false	infrastructure	5356	target capability requirement	infrastructure-cuda-capability	entry-point target-requirement checking -> E36107	E36107: target capability requirements make the entry point unavailable to CUDA	build/nvvm-discovery/slice180/logs/nvrtc-o3/31f55e846a2ebce3ec521fa419f561fb579b20cc.log	infrastructure	5337	target capability requirement	infrastructure-cuda-capability	entry-point target-requirement checking -> E36107	E36107: target capability requirements make the entry point unavailable to CUDA	build/nvvm-discovery/slice180/logs/nvvm-o0/302dc96156e8a42a09d2a1ba5388fc9b7a10f925.log	infrastructure	5215	target capability requirement	infrastructure-cuda-capability	entry-point target-requirement checking -> E36107	E36107: target capability requirements make the entry point unavailable to CUDA	build/nvvm-discovery/slice180/logs/nvvm-o3/b5a42f14134e9bb7742c20c0462418c6dc0af48e.log
language-feature/pointer/data-layouts.slang#discovery-1	language-feature/pointer/data-layouts.slang	parameter-layout,aggregate-pointer	Pointer data-layout differences at the entry ABI.	false	infrastructure	5553	target capability requirement	infrastructure-cuda-capability	entry-point target-requirement checking -> E36107	E36107: target capability requirements make the entry point unavailable to CUDA	build/nvvm-discovery/slice180/logs/nvrtc-o3/68382fd12bc551f8a0b21bb97a37d3c8f8083b8d.log	infrastructure	5737	target capability requirement	infrastructure-cuda-capability	entry-point target-requirement checking -> E36107	E36107: target capability requirements make the entry point unavailable to CUDA	build/nvvm-discovery/slice180/logs/nvvm-o0/0dd8ff6eab7822786d434dd86d94eea963d6d4c2.log	infrastructure	5651	target capability requirement	infrastructure-cuda-capability	entry-point target-requirement checking -> E36107	E36107: target capability requirements make the entry point unavailable to CUDA	build/nvvm-discovery/slice180/logs/nvvm-o3/62018b6996b6b5a785d9a2f7746efd6efd9156a0.log
language-feature/pointer/groupshared-ptr-of-device.slang#discovery-1	language-feature/pointer/groupshared-ptr-of-device.slang	aggregate-pointer,shared-barrier,mixed-resources	Device pointers stored in groupshared memory.	true	correct	5883					build/nvvm-discovery/slice180/logs/nvrtc-o3/33467274369aecb1d82824e1973ed1164992df72.log	correct	6038					build/nvvm-discovery/slice180/logs/nvvm-o0/6b54a5b958d7697beaeb276de92d173e7f2f2677.log	correct	5853					build/nvvm-discovery/slice180/logs/nvvm-o3/2153331b40d16f91aa02c12d36c9b0bfc90bb444.log
language-feature/pointer/ptr-to-groupshared.slang#discovery-1	language-feature/pointer/ptr-to-groupshared.slang	aggregate-pointer,shared-barrier	Pointer transport into groupshared storage.	true	correct	5858					build/nvvm-discovery/slice180/logs/nvrtc-o3/39a76847d4aa9582fc01d67609e369d29d79b3c3.log	correct	5894					build/nvvm-discovery/slice180/logs/nvvm-o0/cad6253b59d79c938be5d74ee2e8bfa3d594c67b.log	correct	5883					build/nvvm-discovery/slice180/logs/nvvm-o3/3323b0d3f7c5b6827c441ca4fd43595d8f47367c.log
language-feature/pointer/redundant-coherent-load.slang#discovery-1	language-feature/pointer/redundant-coherent-load.slang	aggregate-pointer,shared-barrier	Coherent pointer load and alias simplification.	false	infrastructure	5399	target capability requirement	infrastructure-cuda-capability	entry-point target-requirement checking -> E36107	E36107: target capability requirements make the entry point unavailable to CUDA	build/nvvm-discovery/slice180/logs/nvrtc-o3/70c6295e40f574c1a81897fdfdc8003dbfd48e0f.log	infrastructure	5211	target capability requirement	infrastructure-cuda-capability	entry-point target-requirement checking -> E36107	E36107: target capability requirements make the entry point unavailable to CUDA	build/nvvm-discovery/slice180/logs/nvvm-o0/c863f9889003d42206dd1a9e78a5f41be2ccdc34.log	infrastructure	5381	target capability requirement	infrastructure-cuda-capability	entry-point target-requirement checking -> E36107	E36107: target capability requirements make the entry point unavailable to CUDA	build/nvvm-discovery/slice180/logs/nvvm-o3/121588b06e338d99b74e132c7790f4f2cad18127.log
language-feature/tuple/tuple-concat.slang#discovery-1	language-feature/tuple/tuple-concat.slang	aggregate-pointer	Tuple concatenation and storage.	true	correct	5723					build/nvvm-discovery/slice180/logs/nvrtc-o3/c09d99a45aed6063809e97109ffe6482acebfdfa.log	correct	5525					build/nvvm-discovery/slice180/logs/nvvm-o0/df647b70285fd6f77f642d05f39ed7069f67837d.log	correct	5345					build/nvvm-discovery/slice180/logs/nvvm-o3/8a192d38625dcd94c09ef0d8f1442b90f228702a.log
language-feature/tuple/tuple-expand-call.slang#discovery-1	language-feature/tuple/tuple-expand-call.slang	aggregate-pointer,helper-generic	Tuple expansion across a call boundary.	true	correct	5569					build/nvvm-discovery/slice180/logs/nvrtc-o3/a545f66c528770ece850c46f59cd88af070cbf40.log	correct	5374					build/nvvm-discovery/slice180/logs/nvvm-o0/c7cd9ab3e26342f0839175b893aebec2f0398a24.log	correct	5303					build/nvvm-discovery/slice180/logs/nvvm-o3/30c6659f634756eab1f877b7b35843db59ae4502.log
language-feature/tuple/tuple-parameter.slang#discovery-1	language-feature/tuple/tuple-parameter.slang	parameter-layout,aggregate-pointer	Tuple entry-parameter layout.	true	correct	5688					build/nvvm-discovery/slice180/logs/nvrtc-o3/c46736b25e4624a4f89150efcc014894c76004a6.log	correct	5669					build/nvvm-discovery/slice180/logs/nvvm-o0/21be43b402f69ca3a49d84d50122483e2c975ad8.log	correct	5601					build/nvvm-discovery/slice180/logs/nvvm-o3/247a54b6ab057237ec08ab7eeac9327716663d11.log
language-feature/types/opaque/inout-param-opaque-type-in-struct.slang#discovery-1	language-feature/types/opaque/inout-param-opaque-type-in-struct.slang	aggregate-pointer,mixed-resources	Opaque resource nested in an inout aggregate.	true	correct	5782					build/nvvm-discovery/slice180/logs/nvrtc-o3/19db1964bb7d4b723dbc5e035af65d001ff60329.log	correct	5699					build/nvvm-discovery/slice180/logs/nvvm-o0/7570a31da80628df7ff6d5fa0a161230459a4fca.log	correct	5489					build/nvvm-discovery/slice180/logs/nvvm-o3/25afc8940b1b253b3aa7b44768819965b96e0147.log
language-feature/types/opaque/return-opaque-type-in-struct.slang#discovery-1	language-feature/types/opaque/return-opaque-type-in-struct.slang	aggregate-pointer,mixed-resources	Opaque resource returned inside an aggregate.	true	correct	5680					build/nvvm-discovery/slice180/logs/nvrtc-o3/f350dc5a774937c91d7649d6a2f0ebf168e7a0f3.log	correct	5532					build/nvvm-discovery/slice180/logs/nvvm-o0/11ad703c66d0f48943be50647e3811734f8f4504.log	correct	5476					build/nvvm-discovery/slice180/logs/nvvm-o3/bb896d9e169e2a70ae481f6fac384ed121472915.log
optimization/arrray-storage-lowering.slang#discovery-1	optimization/arrray-storage-lowering.slang	matrix-layout,aggregate-pointer,parameter-layout	Array storage lowering with layout-sensitive values.	true	correct	5946					build/nvvm-discovery/slice180/logs/nvrtc-o3/1708ecf8b2fabfeb5479cb6abcf3d63ecbcde952.log	correct	5668					build/nvvm-discovery/slice180/logs/nvvm-o0/4f1255decd5e6cab8088e4212a8475dee0d7ea46.log	correct	5762					build/nvvm-discovery/slice180/logs/nvvm-o3/c58feb975149093c99c09b725e85192bd8d902ec.log
optimization/func-resource-result/func-resource-result-complex.slang#discovery-1	optimization/func-resource-result/func-resource-result-complex.slang	mixed-resources,helper-generic	Complex resource result crossing helper boundaries.	true	correct	5886					build/nvvm-discovery/slice180/logs/nvrtc-o3/5c92aeb4be768bfc402099fb7690b47d80d9a0d0.log	correct	5681					build/nvvm-discovery/slice180/logs/nvvm-o0/db798a96e63e337a5fd3aac3b1723272dfb6dd89.log	correct	5518					build/nvvm-discovery/slice180/logs/nvvm-o3/f829c74095f1a6d870b3aacd03286da645e0c203.log
optimization/func-resource-result/func-resource-result-simple.slang#discovery-1	optimization/func-resource-result/func-resource-result-simple.slang	mixed-resources,helper-generic	Minimal control for resource-valued helper results.	true	correct	6124					build/nvvm-discovery/slice180/logs/nvrtc-o3/d48f5a30d8bbf210fec9712f3daf3c8de4fcd7b3.log	correct	5823					build/nvvm-discovery/slice180/logs/nvvm-o0/efffaae9a0c2186c43d003f43bd7ff967ca0a18b.log	correct	6000					build/nvvm-discovery/slice180/logs/nvvm-o3/4eff452f5e163cd7170fd3c7600d4706a1637b80.log
